keyword,normalized_keyword,seed_group,seed_keywords,source,query_date,location,geo_target_id_sanitized,language,network,avg_monthly_searches,competition,competition_index,low_top_of_page_bid,high_top_of_page_bid,currency,monthly_searches_json,intent_category,commercial_intent,presential_intent,local_intent,beginner_intent,older_adult_explicit,employment_intent,software_download_risk,informational_risk,relevance_score,recommended_status,exclusion_reason,facts,assumptions,recommendation,notes
curso de office presencial,curso de office presencial,office_presencial,curso de office presencial,manual_seed_required,2026-07-24,Santiago de Chile (solicitado; no consultado),,Español (solicitado; no consultado),Google Search (solicitado; no consultado),,,,,,,null,CORE_HIGH_INTENT,HIGH,EXPLICIT,NOT_EXPLICIT,NOT_EXPLICIT,NO,NO,LOW,LOW,70,INSUFFICIENT_DATA,,HECHO: semilla preparada; la API no devolvió métricas por scope OAuth insuficiente.,"SUPUESTO: clasificación y puntaje se infieren solo del texto, no de Google.",RECOMENDACIÓN: reconsultar Keyword Planner antes de priorizar o excluir.,Sin métricas Google; autenticación detenida antes de GenerateKeywordIdeas.
curso office presencial santiago,curso office presencial santiago,office_presencial,curso office presencial santiago,manual_seed_required,2026-07-24,Santiago de Chile (solicitado; no consultado),,Español (solicitado; no consultado),Google Search (solicitado; no consultado),,,,,,,null,PRESENTIAL_LOCAL,HIGH,EXPLICIT,EXPLICIT_SANTIAGO,NOT_EXPLICIT,NO,NO,LOW,LOW,85,INSUFFICIENT_DATA,,HECHO: semilla preparada; la API no devolvió métricas por scope OAuth insuficiente.,"SUPUESTO: clasificación y puntaje se infieren solo del texto, no de Google.",RECOMENDACIÓN: reconsultar Keyword Planner antes de priorizar o excluir.,Sin métricas Google; autenticación detenida antes de GenerateKeywordIdeas.
curso office santiago,curso office santiago,office_presencial,curso office santiago,manual_seed_required,2026-07-24,Santiago de Chile (solicitado; no consultado),,Español (solicitado; no consultado),Google Search (solicitado; no consultado),,,,,,,null,PRESENTIAL_LOCAL,HIGH,NOT_EXPLICIT,EXPLICIT_SANTIAGO,NOT_EXPLICIT,NO,NO,LOW,LOW,65,INSUFFICIENT_DATA,,HECHO: semilla preparada; la API no devolvió métricas por scope OAuth insuficiente.,"SUPUESTO: clasificación y puntaje se infieren solo del texto, no de Google.",RECOMENDACIÓN: reconsultar Keyword Planner antes de priorizar o excluir.,Sin métricas Google; autenticación detenida antes de GenerateKeywordIdeas.
curso microsoft office presencial,curso microsoft office presencial,office_presencial,curso microsoft office presencial,manual_seed_required,2026-07-24,Santiago de Chile (solicitado; no consultado),,Español (solicitado; no consultado),Google Search (solicitado; no consultado),,,,,,,null,CORE_HIGH_INTENT,HIGH,EXPLICIT,NOT_EXPLICIT,NOT_EXPLICIT,NO,NO,LOW,LOW,70,INSUFFICIENT_DATA,,HECHO: semilla preparada; la API no devolvió métricas por scope OAuth insuficiente.,"SUPUESTO: clasificación y puntaje se infieren solo del texto, no de Google.",RECOMENDACIÓN: reconsultar Keyword Planner antes de priorizar o excluir.,Sin métricas Google; autenticación detenida antes de GenerateKeywordIdeas.
clases de office presencial,clases de office presencial,office_presencial,clases de office presencial,manual_seed_required,2026-07-24,Santiago de Chile (solicitado; no consultado),,Español (solicitado; no consultado),Google Search (solicitado; no consultado),,,,,,,null,CORE_HIGH_INTENT,HIGH,EXPLICIT,NOT_EXPLICIT,NOT_EXPLICIT,NO,NO,LOW,LOW,70,INSUFFICIENT_DATA,,HECHO: semilla preparada; la API no devolvió métricas por scope OAuth insuficiente.,"SUPUESTO: clasificación y puntaje se infieren solo del texto, no de Google.",RECOMENDACIÓN: reconsultar Keyword Planner antes de priorizar o excluir.,Sin métricas Google; autenticación detenida antes de GenerateKeywordIdeas.
clases de office santiago,clases de office santiago,office_presencial,clases de office santiago,manual_seed_required,2026-07-24,Santiago de Chile (solicitado; no consultado),,Español (solicitado; no consultado),Google Search (solicitado; no consultado),,,,,,,null,PRESENTIAL_LOCAL,HIGH,NOT_EXPLICIT,EXPLICIT_SANTIAGO,NOT_EXPLICIT,NO,NO,LOW,LOW,65,INSUFFICIENT_DATA,,HECHO: semilla preparada; la API no devolvió métricas por scope OAuth insuficiente.,"SUPUESTO: clasificación y puntaje se infieren solo del texto, no de Google.",RECOMENDACIÓN: reconsultar Keyword Planner antes de priorizar o excluir.,Sin métricas Google; autenticación detenida antes de GenerateKeywordIdeas.
curso office completo presencial,curso office completo presencial,office_presencial,curso office completo presencial,manual_seed_required,2026-07-24,Santiago de Chile (solicitado; no consultado),,Español (solicitado; no consultado),Google Search (solicitado; no consultado),,,,,,,null,CORE_HIGH_INTENT,HIGH,EXPLICIT,NOT_EXPLICIT,NOT_EXPLICIT,NO,NO,LOW,LOW,70,INSUFFICIENT_DATA,,HECHO: semilla preparada; la API no devolvió métricas por scope OAuth insuficiente.,"SUPUESTO: clasificación y puntaje se infieren solo del texto, no de Google.",RECOMENDACIÓN: reconsultar Keyword Planner antes de priorizar o excluir.,Sin métricas Google; autenticación detenida antes de GenerateKeywordIdeas.
curso office nivel básico,curso office nivel básico,office_presencial,curso office nivel básico,manual_seed_required,2026-07-24,Santiago de Chile (solicitado; no consultado),,Español (solicitado; no consultado),Google Search (solicitado; no consultado),,,,,,,null,CORE_HIGH_INTENT,HIGH,NOT_EXPLICIT,NOT_EXPLICIT,EXPLICIT,NO,NO,LOW,LOW,65,INSUFFICIENT_DATA,,HECHO: semilla preparada; la API no devolvió métricas por scope OAuth insuficiente.,"SUPUESTO: clasificación y puntaje se infieren solo del texto, no de Google.",RECOMENDACIÓN: reconsultar Keyword Planner antes de priorizar o excluir.,Sin métricas Google; autenticación detenida antes de GenerateKeywordIdeas.
curso office básico presencial,curso office básico presencial,office_presencial,curso office básico presencial,manual_seed_required,2026-07-24,Santiago de Chile (solicitado; no consultado),,Español (solicitado; no consultado),Google Search (solicitado; no consultado),,,,,,,null,CORE_HIGH_INTENT,HIGH,EXPLICIT,NOT_EXPLICIT,EXPLICIT,NO,NO,LOW,LOW,85,INSUFFICIENT_DATA,,HECHO: semilla preparada; la API no devolvió métricas por scope OAuth insuficiente.,"SUPUESTO: clasificación y puntaje se infieren solo del texto, no de Google.",RECOMENDACIÓN: reconsultar Keyword Planner antes de priorizar o excluir.,Sin métricas Google; autenticación detenida antes de GenerateKeywordIdeas.
aprender office presencial,aprender office presencial,office_presencial,aprender office presencial,manual_seed_required,2026-07-24,Santiago de Chile (solicitado; no consultado),,Español (solicitado; no consultado),Google Search (solicitado; no consultado),,,,,,,null,CORE_HIGH_INTENT,LOW,EXPLICIT,NOT_EXPLICIT,NOT_EXPLICIT,NO,NO,LOW,LOW,55,INSUFFICIENT_DATA,,HECHO: semilla preparada; la API no devolvió métricas por scope OAuth insuficiente.,"SUPUESTO: clasificación y puntaje se infieren solo del texto, no de Google.",RECOMENDACIÓN: reconsultar Keyword Planner antes de priorizar o excluir.,Sin métricas Google; autenticación detenida antes de GenerateKeywordIdeas.
curso word excel powerpoint presencial,curso word excel powerpoint presencial,office_presencial,curso word excel powerpoint presencial,manual_seed_required,2026-07-24,Santiago de Chile (solicitado; no consultado),,Español (solicitado; no consultado),Google Search (solicitado; no consultado),,,,,,,null,CORE_HIGH_INTENT,HIGH,EXPLICIT,NOT_EXPLICIT,NOT_EXPLICIT,NO,NO,LOW,LOW,70,INSUFFICIENT_DATA,,HECHO: semilla preparada; la API no devolvió métricas por scope OAuth insuficiente.,"SUPUESTO: clasificación y puntaje se infieren solo del texto, no de Google.",RECOMENDACIÓN: reconsultar Keyword Planner antes de priorizar o excluir.,Sin métricas Google; autenticación detenida antes de GenerateKeywordIdeas.
curso word excel outlook powerpoint,curso word excel outlook powerpoint,office_presencial,curso word excel outlook powerpoint,manual_seed_required,2026-07-24,Santiago de Chile (solicitado; no consultado),,Español (solicitado; no consultado),Google Search (solicitado; no consultado),,,,,,,null,CORE_HIGH_INTENT,HIGH,NOT_EXPLICIT,NOT_EXPLICIT,NOT_EXPLICIT,NO,NO,LOW,LOW,50,INSUFFICIENT_DATA,,HECHO: semilla preparada; la API no devolvió métricas por scope OAuth insuficiente.,"SUPUESTO: clasificación y puntaje se infieren solo del texto, no de Google.",RECOMENDACIÓN: reconsultar Keyword Planner antes de priorizar o excluir.,Sin métricas Google; autenticación detenida antes de GenerateKeywordIdeas.
curso windows y office,curso windows y office,office_presencial,curso windows y office,manual_seed_required,2026-07-24,Santiago de Chile (solicitado; no consultado),,Español (solicitado; no consultado),Google Search (solicitado; no consultado),,,,,,,null,CORE_HIGH_INTENT,HIGH,NOT_EXPLICIT,NOT_EXPLICIT,NOT_EXPLICIT,NO,NO,LOW,LOW,50,INSUFFICIENT_DATA,,HECHO: semilla preparada; la API no devolvió métricas por scope OAuth insuficiente.,"SUPUESTO: clasificación y puntaje se infieren solo del texto, no de Google.",RECOMENDACIÓN: reconsultar Keyword Planner antes de priorizar o excluir.,Sin métricas Google; autenticación detenida antes de GenerateKeywordIdeas.
curso de herramientas office,curso de herramientas office,office_presencial,curso de herramientas office,manual_seed_required,2026-07-24,Santiago de Chile (solicitado; no consultado),,Español (solicitado; no consultado),Google Search (solicitado; no consultado),,,,,,,null,CORE_HIGH_INTENT,HIGH,NOT_EXPLICIT,NOT_EXPLICIT,NOT_EXPLICIT,NO,NO,LOW,LOW,50,INSUFFICIENT_DATA,,HECHO: semilla preparada; la API no devolvió métricas por scope OAuth insuficiente.,"SUPUESTO: clasificación y puntaje se infieren solo del texto, no de Google.",RECOMENDACIÓN: reconsultar Keyword Planner antes de priorizar o excluir.,Sin métricas Google; autenticación detenida antes de GenerateKeywordIdeas.
capacitación office presencial,capacitación office presencial,office_presencial,capacitación office presencial,manual_seed_required,2026-07-24,Santiago de Chile (solicitado; no consultado),,Español (solicitado; no consultado),Google Search (solicitado; no consultado),,,,,,,null,CORE_HIGH_INTENT,HIGH,EXPLICIT,NOT_EXPLICIT,NOT_EXPLICIT,NO,NO,LOW,LOW,70,INSUFFICIENT_DATA,,HECHO: semilla preparada; la API no devolvió métricas por scope OAuth insuficiente.,"SUPUESTO: clasificación y puntaje se infieren solo del texto, no de Google.",RECOMENDACIÓN: reconsultar Keyword Planner antes de priorizar o excluir.,Sin métricas Google; autenticación detenida antes de GenerateKeywordIdeas.
curso computación presencial,curso computación presencial,computacion_basica_presencial,curso computación presencial,manual_seed_required,2026-07-24,Santiago de Chile (solicitado; no consultado),,Español (solicitado; no consultado),Google Search (solicitado; no consultado),,,,,,,null,CORE_HIGH_INTENT,HIGH,EXPLICIT,NOT_EXPLICIT,NOT_EXPLICIT,NO,NO,LOW,LOW,70,INSUFFICIENT_DATA,,HECHO: semilla preparada; la API no devolvió métricas por scope OAuth insuficiente.,"SUPUESTO: clasificación y puntaje se infieren solo del texto, no de Google.",RECOMENDACIÓN: reconsultar Keyword Planner antes de priorizar o excluir.,Sin métricas Google; autenticación detenida antes de GenerateKeywordIdeas.
curso computación presencial santiago,curso computación presencial santiago,computacion_basica_presencial,curso computación presencial santiago,manual_seed_required,2026-07-24,Santiago de Chile (solicitado; no consultado),,Español (solicitado; no consultado),Google Search (solicitado; no consultado),,,,,,,null,PRESENTIAL_LOCAL,HIGH,EXPLICIT,EXPLICIT_SANTIAGO,NOT_EXPLICIT,NO,NO,LOW,LOW,85,INSUFFICIENT_DATA,,HECHO: semilla preparada; la API no devolvió métricas por scope OAuth insuficiente.,"SUPUESTO: clasificación y puntaje se infieren solo del texto, no de Google.",RECOMENDACIÓN: reconsultar Keyword Planner antes de priorizar o excluir.,Sin métricas Google; autenticación detenida antes de GenerateKeywordIdeas.
curso computación básica presencial,curso computación básica presencial,computacion_basica_presencial,curso computación básica presencial,manual_seed_required,2026-07-24,Santiago de Chile (solicitado; no consultado),,Español (solicitado; no consultado),Google Search (solicitado; no consultado),,,,,,,null,CORE_HIGH_INTENT,HIGH,EXPLICIT,NOT_EXPLICIT,EXPLICIT,NO,NO,LOW,LOW,85,INSUFFICIENT_DATA,,HECHO: semilla preparada; la API no devolvió métricas por scope OAuth insuficiente.,"SUPUESTO: clasificación y puntaje se infieren solo del texto, no de Google.",RECOMENDACIÓN: reconsultar Keyword Planner antes de priorizar o excluir.,Sin métricas Google; autenticación detenida antes de GenerateKeywordIdeas.
curso computación básica santiago,curso computación básica santiago,computacion_basica_presencial,curso computación básica santiago,manual_seed_required,2026-07-24,Santiago de Chile (solicitado; no consultado),,Español (solicitado; no consultado),Google Search (solicitado; no consultado),,,,,,,null,PRESENTIAL_LOCAL,HIGH,NOT_EXPLICIT,EXPLICIT_SANTIAGO,EXPLICIT,NO,NO,LOW,LOW,80,INSUFFICIENT_DATA,,HECHO: semilla preparada; la API no devolvió métricas por scope OAuth insuficiente.,"SUPUESTO: clasificación y puntaje se infieren solo del texto, no de Google.",RECOMENDACIÓN: reconsultar Keyword Planner antes de priorizar o excluir.,Sin métricas Google; autenticación detenida antes de GenerateKeywordIdeas.
clases de computación presencial,clases de computación presencial,computacion_basica_presencial,clases de computación presencial,manual_seed_required,2026-07-24,Santiago de Chile (solicitado; no consultado),,Español (solicitado; no consultado),Google Search (solicitado; no consultado),,,,,,,null,CORE_HIGH_INTENT,HIGH,EXPLICIT,NOT_EXPLICIT,NOT_EXPLICIT,NO,NO,LOW,LOW,70,INSUFFICIENT_DATA,,HECHO: semilla preparada; la API no devolvió métricas por scope OAuth insuficiente.,"SUPUESTO: clasificación y puntaje se infieren solo del texto, no de Google.",RECOMENDACIÓN: reconsultar Keyword Planner antes de priorizar o excluir.,Sin métricas Google; autenticación detenida antes de GenerateKeywordIdeas.
clases de computación santiago,clases de computación santiago,computacion_basica_presencial,clases de computación santiago,manual_seed_required,2026-07-24,Santiago de Chile (solicitado; no consultado),,Español (solicitado; no consultado),Google Search (solicitado; no consultado),,,,,,,null,PRESENTIAL_LOCAL,HIGH,NOT_EXPLICIT,EXPLICIT_SANTIAGO,NOT_EXPLICIT,NO,NO,LOW,LOW,65,INSUFFICIENT_DATA,,HECHO: semilla preparada; la API no devolvió métricas por scope OAuth insuficiente.,"SUPUESTO: clasificación y puntaje se infieren solo del texto, no de Google.",RECOMENDACIÓN: reconsultar Keyword Planner antes de priorizar o excluir.,Sin métricas Google; autenticación detenida antes de GenerateKeywordIdeas.
curso informática básica presencial,curso informática básica presencial,computacion_basica_presencial,curso informática básica presencial,manual_seed_required,2026-07-24,Santiago de Chile (solicitado; no consultado),,Español (solicitado; no consultado),Google Search (solicitado; no consultado),,,,,,,null,CORE_HIGH_INTENT,HIGH,EXPLICIT,NOT_EXPLICIT,EXPLICIT,NO,NO,LOW,LOW,85,INSUFFICIENT_DATA,,HECHO: semilla preparada; la API no devolvió métricas por scope OAuth insuficiente.,"SUPUESTO: clasificación y puntaje se infieren solo del texto, no de Google.",RECOMENDACIÓN: reconsultar Keyword Planner antes de priorizar o excluir.,Sin métricas Google; autenticación detenida antes de GenerateKeywordIdeas.
curso de computación para principiantes,curso de computación para principiantes,computacion_basica_presencial,curso de computación para principiantes,manual_seed_required,2026-07-24,Santiago de Chile (solicitado; no consultado),,Español (solicitado; no consultado),Google Search (solicitado; no consultado),,,,,,,null,CORE_HIGH_INTENT,HIGH,NOT_EXPLICIT,NOT_EXPLICIT,EXPLICIT,NO,NO,LOW,LOW,65,INSUFFICIENT_DATA,,HECHO: semilla preparada; la API no devolvió métricas por scope OAuth insuficiente.,"SUPUESTO: clasificación y puntaje se infieren solo del texto, no de Google.",RECOMENDACIÓN: reconsultar Keyword Planner antes de priorizar o excluir.,Sin métricas Google; autenticación detenida antes de GenerateKeywordIdeas.
clases de computación para principiantes,clases de computación para principiantes,computacion_basica_presencial,clases de computación para principiantes,manual_seed_required,2026-07-24,Santiago de Chile (solicitado; no consultado),,Español (solicitado; no consultado),Google Search (solicitado; no consultado),,,,,,,null,CORE_HIGH_INTENT,HIGH,NOT_EXPLICIT,NOT_EXPLICIT,EXPLICIT,NO,NO,LOW,LOW,65,INSUFFICIENT_DATA,,HECHO: semilla preparada; la API no devolvió métricas por scope OAuth insuficiente.,"SUPUESTO: clasificación y puntaje se infieren solo del texto, no de Google.",RECOMENDACIÓN: reconsultar Keyword Planner antes de priorizar o excluir.,Sin métricas Google; autenticación detenida antes de GenerateKeywordIdeas.
aprender computación presencial,aprender computación presencial,computacion_basica_presencial,aprender computación presencial,manual_seed_required,2026-07-24,Santiago de Chile (solicitado; no consultado),,Español (solicitado; no consultado),Google Search (solicitado; no consultado),,,,,,,null,CORE_HIGH_INTENT,LOW,EXPLICIT,NOT_EXPLICIT,NOT_EXPLICIT,NO,NO,LOW,LOW,55,INSUFFICIENT_DATA,,HECHO: semilla preparada; la API no devolvió métricas por scope OAuth insuficiente.,"SUPUESTO: clasificación y puntaje se infieren solo del texto, no de Google.",RECOMENDACIÓN: reconsultar Keyword Planner antes de priorizar o excluir.,Sin métricas Google; autenticación detenida antes de GenerateKeywordIdeas.
aprender computación desde cero,aprender computación desde cero,computacion_basica_presencial,aprender computación desde cero,manual_seed_required,2026-07-24,Santiago de Chile (solicitado; no consultado),,Español (solicitado; no consultado),Google Search (solicitado; no consultado),,,,,,,null,CORE_HIGH_INTENT,LOW,NOT_EXPLICIT,NOT_EXPLICIT,EXPLICIT,NO,NO,LOW,LOW,50,INSUFFICIENT_DATA,,HECHO: semilla preparada; la API no devolvió métricas por scope OAuth insuficiente.,"SUPUESTO: clasificación y puntaje se infieren solo del texto, no de Google.",RECOMENDACIÓN: reconsultar Keyword Planner antes de priorizar o excluir.,Sin métricas Google; autenticación detenida antes de GenerateKeywordIdeas.
aprender a usar el computador,aprender a usar el computador,computacion_basica_presencial,aprender a usar el computador,manual_seed_required,2026-07-24,Santiago de Chile (solicitado; no consultado),,Español (solicitado; no consultado),Google Search (solicitado; no consultado),,,,,,,null,CORE_HIGH_INTENT,LOW,NOT_EXPLICIT,NOT_EXPLICIT,EXPLICIT,NO,NO,LOW,LOW,50,INSUFFICIENT_DATA,,HECHO: semilla preparada; la API no devolvió métricas por scope OAuth insuficiente.,"SUPUESTO: clasificación y puntaje se infieren solo del texto, no de Google.",RECOMENDACIÓN: reconsultar Keyword Planner antes de priorizar o excluir.,Sin métricas Google; autenticación detenida antes de GenerateKeywordIdeas.
curso manejo de computador,curso manejo de computador,computacion_basica_presencial,curso manejo de computador,manual_seed_required,2026-07-24,Santiago de Chile (solicitado; no consultado),,Español (solicitado; no consultado),Google Search (solicitado; no consultado),,,,,,,null,CORE_HIGH_INTENT,HIGH,NOT_EXPLICIT,NOT_EXPLICIT,EXPLICIT,NO,NO,LOW,LOW,65,INSUFFICIENT_DATA,,HECHO: semilla preparada; la API no devolvió métricas por scope OAuth insuficiente.,"SUPUESTO: clasificación y puntaje se infieren solo del texto, no de Google.",RECOMENDACIÓN: reconsultar Keyword Planner antes de priorizar o excluir.,Sin métricas Google; autenticación detenida antes de GenerateKeywordIdeas.
curso manejo básico del computador,curso manejo básico del computador,computacion_basica_presencial,curso manejo básico del computador,manual_seed_required,2026-07-24,Santiago de Chile (solicitado; no consultado),,Español (solicitado; no consultado),Google Search (solicitado; no consultado),,,,,,,null,CORE_HIGH_INTENT,HIGH,NOT_EXPLICIT,NOT_EXPLICIT,EXPLICIT,NO,NO,LOW,LOW,65,INSUFFICIENT_DATA,,HECHO: semilla preparada; la API no devolvió métricas por scope OAuth insuficiente.,"SUPUESTO: clasificación y puntaje se infieren solo del texto, no de Google.",RECOMENDACIÓN: reconsultar Keyword Planner antes de priorizar o excluir.,Sin métricas Google; autenticación detenida antes de GenerateKeywordIdeas.
clases para aprender a usar computador,clases para aprender a usar computador,computacion_basica_presencial,clases para aprender a usar computador,manual_seed_required,2026-07-24,Santiago de Chile (solicitado; no consultado),,Español (solicitado; no consultado),Google Search (solicitado; no consultado),,,,,,,null,CORE_HIGH_INTENT,HIGH,NOT_EXPLICIT,NOT_EXPLICIT,EXPLICIT,NO,NO,LOW,LOW,65,INSUFFICIENT_DATA,,HECHO: semilla preparada; la API no devolvió métricas por scope OAuth insuficiente.,"SUPUESTO: clasificación y puntaje se infieren solo del texto, no de Google.",RECOMENDACIÓN: reconsultar Keyword Planner antes de priorizar o excluir.,Sin métricas Google; autenticación detenida antes de GenerateKeywordIdeas.
curso computador desde cero,curso computador desde cero,computacion_basica_presencial,curso computador desde cero,manual_seed_required,2026-07-24,Santiago de Chile (solicitado; no consultado),,Español (solicitado; no consultado),Google Search (solicitado; no consultado),,,,,,,null,CORE_HIGH_INTENT,HIGH,NOT_EXPLICIT,NOT_EXPLICIT,EXPLICIT,NO,NO,LOW,LOW,65,INSUFFICIENT_DATA,,HECHO: semilla preparada; la API no devolvió métricas por scope OAuth insuficiente.,"SUPUESTO: clasificación y puntaje se infieren solo del texto, no de Google.",RECOMENDACIÓN: reconsultar Keyword Planner antes de priorizar o excluir.,Sin métricas Google; autenticación detenida antes de GenerateKeywordIdeas.
curso básico de pc,curso básico de pc,computacion_basica_presencial,curso básico de pc,manual_seed_required,2026-07-24,Santiago de Chile (solicitado; no consultado),,Español (solicitado; no consultado),Google Search (solicitado; no consultado),,,,,,,null,CORE_HIGH_INTENT,HIGH,NOT_EXPLICIT,NOT_EXPLICIT,EXPLICIT,NO,NO,LOW,LOW,50,INSUFFICIENT_DATA,,HECHO: semilla preparada; la API no devolvió métricas por scope OAuth insuficiente.,"SUPUESTO: clasificación y puntaje se infieren solo del texto, no de Google.",RECOMENDACIÓN: reconsultar Keyword Planner antes de priorizar o excluir.,Sin métricas Google; autenticación detenida antes de GenerateKeywordIdeas.
curso de computación inicial,curso de computación inicial,computacion_basica_presencial,curso de computación inicial,manual_seed_required,2026-07-24,Santiago de Chile (solicitado; no consultado),,Español (solicitado; no consultado),Google Search (solicitado; no consultado),,,,,,,null,CORE_HIGH_INTENT,HIGH,NOT_EXPLICIT,NOT_EXPLICIT,EXPLICIT,NO,NO,LOW,LOW,65,INSUFFICIENT_DATA,,HECHO: semilla preparada; la API no devolvió métricas por scope OAuth insuficiente.,"SUPUESTO: clasificación y puntaje se infieren solo del texto, no de Google.",RECOMENDACIÓN: reconsultar Keyword Planner antes de priorizar o excluir.,Sin métricas Google; autenticación detenida antes de GenerateKeywordIdeas.
curso uso básico computador,curso uso básico computador,computacion_basica_presencial,curso uso básico computador,manual_seed_required,2026-07-24,Santiago de Chile (solicitado; no consultado),,Español (solicitado; no consultado),Google Search (solicitado; no consultado),,,,,,,null,CORE_HIGH_INTENT,HIGH,NOT_EXPLICIT,NOT_EXPLICIT,EXPLICIT,NO,NO,LOW,LOW,65,INSUFFICIENT_DATA,,HECHO: semilla preparada; la API no devolvió métricas por scope OAuth insuficiente.,"SUPUESTO: clasificación y puntaje se infieren solo del texto, no de Google.",RECOMENDACIÓN: reconsultar Keyword Planner antes de priorizar o excluir.,Sin métricas Google; autenticación detenida antes de GenerateKeywordIdeas.
curso alfabetización digital,curso alfabetización digital,alfabetizacion_digital,curso alfabetización digital,manual_seed_required,2026-07-24,Santiago de Chile (solicitado; no consultado),,Español (solicitado; no consultado),Google Search (solicitado; no consultado),,,,,,,null,BEGINNER_GENERAL,HIGH,NOT_EXPLICIT,NOT_EXPLICIT,EXPLICIT,NO,NO,LOW,LOW,65,INSUFFICIENT_DATA,,HECHO: semilla preparada; la API no devolvió métricas por scope OAuth insuficiente.,"SUPUESTO: clasificación y puntaje se infieren solo del texto, no de Google.",RECOMENDACIÓN: reconsultar Keyword Planner antes de priorizar o excluir.,Sin métricas Google; autenticación detenida antes de GenerateKeywordIdeas.
curso alfabetización digital presencial,curso alfabetización digital presencial,alfabetizacion_digital,curso alfabetización digital presencial,manual_seed_required,2026-07-24,Santiago de Chile (solicitado; no consultado),,Español (solicitado; no consultado),Google Search (solicitado; no consultado),,,,,,,null,BEGINNER_GENERAL,HIGH,EXPLICIT,NOT_EXPLICIT,EXPLICIT,NO,NO,LOW,LOW,85,INSUFFICIENT_DATA,,HECHO: semilla preparada; la API no devolvió métricas por scope OAuth insuficiente.,"SUPUESTO: clasificación y puntaje se infieren solo del texto, no de Google.",RECOMENDACIÓN: reconsultar Keyword Planner antes de priorizar o excluir.,Sin métricas Google; autenticación detenida antes de GenerateKeywordIdeas.
alfabetización digital santiago,alfabetización digital santiago,alfabetizacion_digital,alfabetización digital santiago,manual_seed_required,2026-07-24,Santiago de Chile (solicitado; no consultado),,Español (solicitado; no consultado),Google Search (solicitado; no consultado),,,,,,,null,BEGINNER_GENERAL,LOW,NOT_EXPLICIT,EXPLICIT_SANTIAGO,EXPLICIT,NO,NO,LOW,LOW,65,INSUFFICIENT_DATA,,HECHO: semilla preparada; la API no devolvió métricas por scope OAuth insuficiente.,"SUPUESTO: clasificación y puntaje se infieren solo del texto, no de Google.",RECOMENDACIÓN: reconsultar Keyword Planner antes de priorizar o excluir.,Sin métricas Google; autenticación detenida antes de GenerateKeywordIdeas.
clases de alfabetización digital,clases de alfabetización digital,alfabetizacion_digital,clases de alfabetización digital,manual_seed_required,2026-07-24,Santiago de Chile (solicitado; no consultado),,Español (solicitado; no consultado),Google Search (solicitado; no consultado),,,,,,,null,BEGINNER_GENERAL,HIGH,NOT_EXPLICIT,NOT_EXPLICIT,EXPLICIT,NO,NO,LOW,LOW,65,INSUFFICIENT_DATA,,HECHO: semilla preparada; la API no devolvió métricas por scope OAuth insuficiente.,"SUPUESTO: clasificación y puntaje se infieren solo del texto, no de Google.",RECOMENDACIÓN: reconsultar Keyword Planner antes de priorizar o excluir.,Sin métricas Google; autenticación detenida antes de GenerateKeywordIdeas.
curso habilidades digitales presencial,curso habilidades digitales presencial,alfabetizacion_digital,curso habilidades digitales presencial,manual_seed_required,2026-07-24,Santiago de Chile (solicitado; no consultado),,Español (solicitado; no consultado),Google Search (solicitado; no consultado),,,,,,,null,BEGINNER_GENERAL,HIGH,EXPLICIT,NOT_EXPLICIT,NOT_EXPLICIT,NO,NO,LOW,LOW,70,INSUFFICIENT_DATA,,HECHO: semilla preparada; la API no devolvió métricas por scope OAuth insuficiente.,"SUPUESTO: clasificación y puntaje se infieren solo del texto, no de Google.",RECOMENDACIÓN: reconsultar Keyword Planner antes de priorizar o excluir.,Sin métricas Google; autenticación detenida antes de GenerateKeywordIdeas.
curso competencias digitales básicas,curso competencias digitales básicas,alfabetizacion_digital,curso competencias digitales básicas,manual_seed_required,2026-07-24,Santiago de Chile (solicitado; no consultado),,Español (solicitado; no consultado),Google Search (solicitado; no consultado),,,,,,,null,BEGINNER_GENERAL,HIGH,NOT_EXPLICIT,NOT_EXPLICIT,EXPLICIT,NO,NO,LOW,LOW,65,INSUFFICIENT_DATA,,HECHO: semilla preparada; la API no devolvió métricas por scope OAuth insuficiente.,"SUPUESTO: clasificación y puntaje se infieren solo del texto, no de Google.",RECOMENDACIÓN: reconsultar Keyword Planner antes de priorizar o excluir.,Sin métricas Google; autenticación detenida antes de GenerateKeywordIdeas.
curso habilidades computacionales básicas,curso habilidades computacionales básicas,alfabetizacion_digital,curso habilidades computacionales básicas,manual_seed_required,2026-07-24,Santiago de Chile (solicitado; no consultado),,Español (solicitado; no consultado),Google Search (solicitado; no consultado),,,,,,,null,BEGINNER_GENERAL,HIGH,NOT_EXPLICIT,NOT_EXPLICIT,EXPLICIT,NO,NO,LOW,LOW,50,INSUFFICIENT_DATA,,HECHO: semilla preparada; la API no devolvió métricas por scope OAuth insuficiente.,"SUPUESTO: clasificación y puntaje se infieren solo del texto, no de Google.",RECOMENDACIÓN: reconsultar Keyword Planner antes de priorizar o excluir.,Sin métricas Google; autenticación detenida antes de GenerateKeywordIdeas.
curso autonomía digital,curso autonomía digital,alfabetizacion_digital,curso autonomía digital,manual_seed_required,2026-07-24,Santiago de Chile (solicitado; no consultado),,Español (solicitado; no consultado),Google Search (solicitado; no consultado),,,,,,,null,BEGINNER_GENERAL,HIGH,NOT_EXPLICIT,NOT_EXPLICIT,NOT_EXPLICIT,NO,NO,LOW,LOW,50,INSUFFICIENT_DATA,,HECHO: semilla preparada; la API no devolvió métricas por scope OAuth insuficiente.,"SUPUESTO: clasificación y puntaje se infieren solo del texto, no de Google.",RECOMENDACIÓN: reconsultar Keyword Planner antes de priorizar o excluir.,Sin métricas Google; autenticación detenida antes de GenerateKeywordIdeas.
curso iniciación digital,curso iniciación digital,alfabetizacion_digital,curso iniciación digital,manual_seed_required,2026-07-24,Santiago de Chile (solicitado; no consultado),,Español (solicitado; no consultado),Google Search (solicitado; no consultado),,,,,,,null,BEGINNER_GENERAL,HIGH,NOT_EXPLICIT,NOT_EXPLICIT,EXPLICIT,NO,NO,LOW,LOW,65,INSUFFICIENT_DATA,,HECHO: semilla preparada; la API no devolvió métricas por scope OAuth insuficiente.,"SUPUESTO: clasificación y puntaje se infieren solo del texto, no de Google.",RECOMENDACIÓN: reconsultar Keyword Planner antes de priorizar o excluir.,Sin métricas Google; autenticación detenida antes de GenerateKeywordIdeas.
curso tecnología para principiantes,curso tecnología para principiantes,alfabetizacion_digital,curso tecnología para principiantes,manual_seed_required,2026-07-24,Santiago de Chile (solicitado; no consultado),,Español (solicitado; no consultado),Google Search (solicitado; no consultado),,,,,,,null,BEGINNER_GENERAL,HIGH,NOT_EXPLICIT,NOT_EXPLICIT,EXPLICIT,NO,NO,LOW,LOW,50,INSUFFICIENT_DATA,,HECHO: semilla preparada; la API no devolvió métricas por scope OAuth insuficiente.,"SUPUESTO: clasificación y puntaje se infieren solo del texto, no de Google.",RECOMENDACIÓN: reconsultar Keyword Planner antes de priorizar o excluir.,Sin métricas Google; autenticación detenida antes de GenerateKeywordIdeas.
aprender tecnología desde cero,aprender tecnología desde cero,alfabetizacion_digital,aprender tecnología desde cero,manual_seed_required,2026-07-24,Santiago de Chile (solicitado; no consultado),,Español (solicitado; no consultado),Google Search (solicitado; no consultado),,,,,,,null,BEGINNER_GENERAL,LOW,NOT_EXPLICIT,NOT_EXPLICIT,EXPLICIT,NO,NO,LOW,LOW,35,INSUFFICIENT_DATA,,HECHO: semilla preparada; la API no devolvió métricas por scope OAuth insuficiente.,"SUPUESTO: clasificación y puntaje se infieren solo del texto, no de Google.",RECOMENDACIÓN: reconsultar Keyword Planner antes de priorizar o excluir.,Sin métricas Google; autenticación detenida antes de GenerateKeywordIdeas.
curso herramientas digitales básicas,curso herramientas digitales básicas,alfabetizacion_digital,curso herramientas digitales básicas,manual_seed_required,2026-07-24,Santiago de Chile (solicitado; no consultado),,Español (solicitado; no consultado),Google Search (solicitado; no consultado),,,,,,,null,BEGINNER_GENERAL,HIGH,NOT_EXPLICIT,NOT_EXPLICIT,EXPLICIT,NO,NO,LOW,LOW,65,INSUFFICIENT_DATA,,HECHO: semilla preparada; la API no devolvió métricas por scope OAuth insuficiente.,"SUPUESTO: clasificación y puntaje se infieren solo del texto, no de Google.",RECOMENDACIÓN: reconsultar Keyword Planner antes de priorizar o excluir.,Sin métricas Google; autenticación detenida antes de GenerateKeywordIdeas.
curso computación adultos mayores,curso computación adultos mayores,adultos_mayores,curso computación adultos mayores,manual_seed_required,2026-07-24,Santiago de Chile (solicitado; no consultado),,Español (solicitado; no consultado),Google Search (solicitado; no consultado),,,,,,,null,OLDER_ADULT_EXPLICIT,HIGH,NOT_EXPLICIT,NOT_EXPLICIT,NOT_EXPLICIT,YES,NO,LOW,LOW,50,INSUFFICIENT_DATA,,HECHO: semilla preparada; la API no devolvió métricas por scope OAuth insuficiente.,"SUPUESTO: clasificación y puntaje se infieren solo del texto, no de Google.",RECOMENDACIÓN: reconsultar Keyword Planner antes de priorizar o excluir.,Sin métricas Google; autenticación detenida antes de GenerateKeywordIdeas.
curso computación para adultos mayores,curso computación para adultos mayores,adultos_mayores,curso computación para adultos mayores,manual_seed_required,2026-07-24,Santiago de Chile (solicitado; no consultado),,Español (solicitado; no consultado),Google Search (solicitado; no consultado),,,,,,,null,OLDER_ADULT_EXPLICIT,HIGH,NOT_EXPLICIT,NOT_EXPLICIT,NOT_EXPLICIT,YES,NO,LOW,LOW,50,INSUFFICIENT_DATA,,HECHO: semilla preparada; la API no devolvió métricas por scope OAuth insuficiente.,"SUPUESTO: clasificación y puntaje se infieren solo del texto, no de Google.",RECOMENDACIÓN: reconsultar Keyword Planner antes de priorizar o excluir.,Sin métricas Google; autenticación detenida antes de GenerateKeywordIdeas.
clases de computación adultos mayores,clases de computación adultos mayores,adultos_mayores,clases de computación adultos mayores,manual_seed_required,2026-07-24,Santiago de Chile (solicitado; no consultado),,Español (solicitado; no consultado),Google Search (solicitado; no consultado),,,,,,,null,OLDER_ADULT_EXPLICIT,HIGH,NOT_EXPLICIT,NOT_EXPLICIT,NOT_EXPLICIT,YES,NO,LOW,LOW,50,INSUFFICIENT_DATA,,HECHO: semilla preparada; la API no devolvió métricas por scope OAuth insuficiente.,"SUPUESTO: clasificación y puntaje se infieren solo del texto, no de Google.",RECOMENDACIÓN: reconsultar Keyword Planner antes de priorizar o excluir.,Sin métricas Google; autenticación detenida antes de GenerateKeywordIdeas.
clases de computación para adultos mayores,clases de computación para adultos mayores,adultos_mayores,clases de computación para adultos mayores,manual_seed_required,2026-07-24,Santiago de Chile (solicitado; no consultado),,Español (solicitado; no consultado),Google Search (solicitado; no consultado),,,,,,,null,OLDER_ADULT_EXPLICIT,HIGH,NOT_EXPLICIT,NOT_EXPLICIT,NOT_EXPLICIT,YES,NO,LOW,LOW,50,INSUFFICIENT_DATA,,HECHO: semilla preparada; la API no devolvió métricas por scope OAuth insuficiente.,"SUPUESTO: clasificación y puntaje se infieren solo del texto, no de Google.",RECOMENDACIÓN: reconsultar Keyword Planner antes de priorizar o excluir.,Sin métricas Google; autenticación detenida antes de GenerateKeywordIdeas.
curso office para adultos mayores,curso office para adultos mayores,adultos_mayores,curso office para adultos mayores,manual_seed_required,2026-07-24,Santiago de Chile (solicitado; no consultado),,Español (solicitado; no consultado),Google Search (solicitado; no consultado),,,,,,,null,OLDER_ADULT_EXPLICIT,HIGH,NOT_EXPLICIT,NOT_EXPLICIT,NOT_EXPLICIT,YES,NO,LOW,LOW,50,INSUFFICIENT_DATA,,HECHO: semilla preparada; la API no devolvió métricas por scope OAuth insuficiente.,"SUPUESTO: clasificación y puntaje se infieren solo del texto, no de Google.",RECOMENDACIÓN: reconsultar Keyword Planner antes de priorizar o excluir.,Sin métricas Google; autenticación detenida antes de GenerateKeywordIdeas.
computación para tercera edad,computación para tercera edad,adultos_mayores,computación para tercera edad,manual_seed_required,2026-07-24,Santiago de Chile (solicitado; no consultado),,Español (solicitado; no consultado),Google Search (solicitado; no consultado),,,,,,,null,OLDER_ADULT_EXPLICIT,LOW,NOT_EXPLICIT,NOT_EXPLICIT,NOT_EXPLICIT,YES,NO,LOW,LOW,35,INSUFFICIENT_DATA,,HECHO: semilla preparada; la API no devolvió métricas por scope OAuth insuficiente.,"SUPUESTO: clasificación y puntaje se infieren solo del texto, no de Google.",RECOMENDACIÓN: reconsultar Keyword Planner antes de priorizar o excluir.,Sin métricas Google; autenticación detenida antes de GenerateKeywordIdeas.
clases de computación tercera edad,clases de computación tercera edad,adultos_mayores,clases de computación tercera edad,manual_seed_required,2026-07-24,Santiago de Chile (solicitado; no consultado),,Español (solicitado; no consultado),Google Search (solicitado; no consultado),,,,,,,null,OLDER_ADULT_EXPLICIT,HIGH,NOT_EXPLICIT,NOT_EXPLICIT,NOT_EXPLICIT,YES,NO,LOW,LOW,50,INSUFFICIENT_DATA,,HECHO: semilla preparada; la API no devolvió métricas por scope OAuth insuficiente.,"SUPUESTO: clasificación y puntaje se infieren solo del texto, no de Google.",RECOMENDACIÓN: reconsultar Keyword Planner antes de priorizar o excluir.,Sin métricas Google; autenticación detenida antes de GenerateKeywordIdeas.
aprender computación adulto mayor,aprender computación adulto mayor,adultos_mayores,aprender computación adulto mayor,manual_seed_required,2026-07-24,Santiago de Chile (solicitado; no consultado),,Español (solicitado; no consultado),Google Search (solicitado; no consultado),,,,,,,null,OLDER_ADULT_EXPLICIT,LOW,NOT_EXPLICIT,NOT_EXPLICIT,NOT_EXPLICIT,YES,NO,LOW,LOW,35,INSUFFICIENT_DATA,,HECHO: semilla preparada; la API no devolvió métricas por scope OAuth insuficiente.,"SUPUESTO: clasificación y puntaje se infieren solo del texto, no de Google.",RECOMENDACIÓN: reconsultar Keyword Planner antes de priorizar o excluir.,Sin métricas Google; autenticación detenida antes de GenerateKeywordIdeas.
curso internet para adultos mayores,curso internet para adultos mayores,adultos_mayores,curso internet para adultos mayores,manual_seed_required,2026-07-24,Santiago de Chile (solicitado; no consultado),,Español (solicitado; no consultado),Google Search (solicitado; no consultado),,,,,,,null,OLDER_ADULT_EXPLICIT,HIGH,NOT_EXPLICIT,NOT_EXPLICIT,NOT_EXPLICIT,YES,NO,LOW,LOW,35,INSUFFICIENT_DATA,,HECHO: semilla preparada; la API no devolvió métricas por scope OAuth insuficiente.,"SUPUESTO: clasificación y puntaje se infieren solo del texto, no de Google.",RECOMENDACIÓN: reconsultar Keyword Planner antes de priorizar o excluir.,Sin métricas Google; autenticación detenida antes de GenerateKeywordIdeas.
alfabetización digital adultos mayores,alfabetización digital adultos mayores,adultos_mayores,alfabetización digital adultos mayores,manual_seed_required,2026-07-24,Santiago de Chile (solicitado; no consultado),,Español (solicitado; no consultado),Google Search (solicitado; no consultado),,,,,,,null,OLDER_ADULT_EXPLICIT,LOW,NOT_EXPLICIT,NOT_EXPLICIT,EXPLICIT,YES,NO,LOW,LOW,50,INSUFFICIENT_DATA,,HECHO: semilla preparada; la API no devolvió métricas por scope OAuth insuficiente.,"SUPUESTO: clasificación y puntaje se infieren solo del texto, no de Google.",RECOMENDACIÓN: reconsultar Keyword Planner antes de priorizar o excluir.,Sin métricas Google; autenticación detenida antes de GenerateKeywordIdeas.
curso computador para adultos mayores,curso computador para adultos mayores,adultos_mayores,curso computador para adultos mayores,manual_seed_required,2026-07-24,Santiago de Chile (solicitado; no consultado),,Español (solicitado; no consultado),Google Search (solicitado; no consultado),,,,,,,null,OLDER_ADULT_EXPLICIT,HIGH,NOT_EXPLICIT,NOT_EXPLICIT,NOT_EXPLICIT,YES,NO,LOW,LOW,50,INSUFFICIENT_DATA,,HECHO: semilla preparada; la API no devolvió métricas por scope OAuth insuficiente.,"SUPUESTO: clasificación y puntaje se infieren solo del texto, no de Google.",RECOMENDACIÓN: reconsultar Keyword Planner antes de priorizar o excluir.,Sin métricas Google; autenticación detenida antes de GenerateKeywordIdeas.
curso tecnología para adultos mayores,curso tecnología para adultos mayores,adultos_mayores,curso tecnología para adultos mayores,manual_seed_required,2026-07-24,Santiago de Chile (solicitado; no consultado),,Español (solicitado; no consultado),Google Search (solicitado; no consultado),,,,,,,null,OLDER_ADULT_EXPLICIT,HIGH,NOT_EXPLICIT,NOT_EXPLICIT,NOT_EXPLICIT,YES,NO,LOW,LOW,35,INSUFFICIENT_DATA,,HECHO: semilla preparada; la API no devolvió métricas por scope OAuth insuficiente.,"SUPUESTO: clasificación y puntaje se infieren solo del texto, no de Google.",RECOMENDACIÓN: reconsultar Keyword Planner antes de priorizar o excluir.,Sin métricas Google; autenticación detenida antes de GenerateKeywordIdeas.
curso computación tercera edad santiago,curso computación tercera edad santiago,adultos_mayores,curso computación tercera edad santiago,manual_seed_required,2026-07-24,Santiago de Chile (solicitado; no consultado),,Español (solicitado; no consultado),Google Search (solicitado; no consultado),,,,,,,null,OLDER_ADULT_EXPLICIT,HIGH,NOT_EXPLICIT,EXPLICIT_SANTIAGO,NOT_EXPLICIT,YES,NO,LOW,LOW,65,INSUFFICIENT_DATA,,HECHO: semilla preparada; la API no devolvió métricas por scope OAuth insuficiente.,"SUPUESTO: clasificación y puntaje se infieren solo del texto, no de Google.",RECOMENDACIÓN: reconsultar Keyword Planner antes de priorizar o excluir.,Sin métricas Google; autenticación detenida antes de GenerateKeywordIdeas.
clases computación adulto mayor santiago,clases computación adulto mayor santiago,adultos_mayores,clases computación adulto mayor santiago,manual_seed_required,2026-07-24,Santiago de Chile (solicitado; no consultado),,Español (solicitado; no consultado),Google Search (solicitado; no consultado),,,,,,,null,OLDER_ADULT_EXPLICIT,HIGH,NOT_EXPLICIT,EXPLICIT_SANTIAGO,NOT_EXPLICIT,YES,NO,LOW,LOW,65,INSUFFICIENT_DATA,,HECHO: semilla preparada; la API no devolvió métricas por scope OAuth insuficiente.,"SUPUESTO: clasificación y puntaje se infieren solo del texto, no de Google.",RECOMENDACIÓN: reconsultar Keyword Planner antes de priorizar o excluir.,Sin métricas Google; autenticación detenida antes de GenerateKeywordIdeas.
curso office tercera edad,curso office tercera edad,adultos_mayores,curso office tercera edad,manual_seed_required,2026-07-24,Santiago de Chile (solicitado; no consultado),,Español (solicitado; no consultado),Google Search (solicitado; no consultado),,,,,,,null,OLDER_ADULT_EXPLICIT,HIGH,NOT_EXPLICIT,NOT_EXPLICIT,NOT_EXPLICIT,YES,NO,LOW,LOW,50,INSUFFICIENT_DATA,,HECHO: semilla preparada; la API no devolvió métricas por scope OAuth insuficiente.,"SUPUESTO: clasificación y puntaje se infieren solo del texto, no de Google.",RECOMENDACIÓN: reconsultar Keyword Planner antes de priorizar o excluir.,Sin métricas Google; autenticación detenida antes de GenerateKeywordIdeas.
curso office desde cero,curso office desde cero,principiantes_desde_cero,curso office desde cero,manual_seed_required,2026-07-24,Santiago de Chile (solicitado; no consultado),,Español (solicitado; no consultado),Google Search (solicitado; no consultado),,,,,,,null,BEGINNER_GENERAL,HIGH,NOT_EXPLICIT,NOT_EXPLICIT,EXPLICIT,NO,NO,LOW,LOW,65,INSUFFICIENT_DATA,,HECHO: semilla preparada; la API no devolvió métricas por scope OAuth insuficiente.,"SUPUESTO: clasificación y puntaje se infieren solo del texto, no de Google.",RECOMENDACIÓN: reconsultar Keyword Planner antes de priorizar o excluir.,Sin métricas Google; autenticación detenida antes de GenerateKeywordIdeas.
curso computación desde cero,curso computación desde cero,principiantes_desde_cero,curso computación desde cero,manual_seed_required,2026-07-24,Santiago de Chile (solicitado; no consultado),,Español (solicitado; no consultado),Google Search (solicitado; no consultado),,,,,,,null,BEGINNER_GENERAL,HIGH,NOT_EXPLICIT,NOT_EXPLICIT,EXPLICIT,NO,NO,LOW,LOW,65,INSUFFICIENT_DATA,,HECHO: semilla preparada; la API no devolvió métricas por scope OAuth insuficiente.,"SUPUESTO: clasificación y puntaje se infieren solo del texto, no de Google.",RECOMENDACIÓN: reconsultar Keyword Planner antes de priorizar o excluir.,Sin métricas Google; autenticación detenida antes de GenerateKeywordIdeas.
curso computación básica para principiantes,curso computación básica para principiantes,principiantes_desde_cero,curso computación básica para principiantes,manual_seed_required,2026-07-24,Santiago de Chile (solicitado; no consultado),,Español (solicitado; no consultado),Google Search (solicitado; no consultado),,,,,,,null,BEGINNER_GENERAL,HIGH,NOT_EXPLICIT,NOT_EXPLICIT,EXPLICIT,NO,NO,LOW,LOW,65,INSUFFICIENT_DATA,,HECHO: semilla preparada; la API no devolvió métricas por scope OAuth insuficiente.,"SUPUESTO: clasificación y puntaje se infieren solo del texto, no de Google.",RECOMENDACIÓN: reconsultar Keyword Planner antes de priorizar o excluir.,Sin métricas Google; autenticación detenida antes de GenerateKeywordIdeas.
clases de computación desde cero,clases de computación desde cero,principiantes_desde_cero,clases de computación desde cero,manual_seed_required,2026-07-24,Santiago de Chile (solicitado; no consultado),,Español (solicitado; no consultado),Google Search (solicitado; no consultado),,,,,,,null,BEGINNER_GENERAL,HIGH,NOT_EXPLICIT,NOT_EXPLICIT,EXPLICIT,NO,NO,LOW,LOW,65,INSUFFICIENT_DATA,,HECHO: semilla preparada; la API no devolvió métricas por scope OAuth insuficiente.,"SUPUESTO: clasificación y puntaje se infieren solo del texto, no de Google.",RECOMENDACIÓN: reconsultar Keyword Planner antes de priorizar o excluir.,Sin métricas Google; autenticación detenida antes de GenerateKeywordIdeas.
aprender office desde cero,aprender office desde cero,principiantes_desde_cero,aprender office desde cero,manual_seed_required,2026-07-24,Santiago de Chile (solicitado; no consultado),,Español (solicitado; no consultado),Google Search (solicitado; no consultado),,,,,,,null,BEGINNER_GENERAL,LOW,NOT_EXPLICIT,NOT_EXPLICIT,EXPLICIT,NO,NO,LOW,LOW,50,INSUFFICIENT_DATA,,HECHO: semilla preparada; la API no devolvió métricas por scope OAuth insuficiente.,"SUPUESTO: clasificación y puntaje se infieren solo del texto, no de Google.",RECOMENDACIÓN: reconsultar Keyword Planner antes de priorizar o excluir.,Sin métricas Google; autenticación detenida antes de GenerateKeywordIdeas.
aprender word excel powerpoint,aprender word excel powerpoint,principiantes_desde_cero,aprender word excel powerpoint,manual_seed_required,2026-07-24,Santiago de Chile (solicitado; no consultado),,Español (solicitado; no consultado),Google Search (solicitado; no consultado),,,,,,,null,BEGINNER_GENERAL,LOW,NOT_EXPLICIT,NOT_EXPLICIT,NOT_EXPLICIT,NO,NO,LOW,LOW,35,INSUFFICIENT_DATA,,HECHO: semilla preparada; la API no devolvió métricas por scope OAuth insuficiente.,"SUPUESTO: clasificación y puntaje se infieren solo del texto, no de Google.",RECOMENDACIÓN: reconsultar Keyword Planner antes de priorizar o excluir.,Sin métricas Google; autenticación detenida antes de GenerateKeywordIdeas.
curso básico de word excel y powerpoint,curso básico de word excel y powerpoint,principiantes_desde_cero,curso básico de word excel y powerpoint,manual_seed_required,2026-07-24,Santiago de Chile (solicitado; no consultado),,Español (solicitado; no consultado),Google Search (solicitado; no consultado),,,,,,,null,BEGINNER_GENERAL,HIGH,NOT_EXPLICIT,NOT_EXPLICIT,EXPLICIT,NO,NO,LOW,LOW,65,INSUFFICIENT_DATA,,HECHO: semilla preparada; la API no devolvió métricas por scope OAuth insuficiente.,"SUPUESTO: clasificación y puntaje se infieren solo del texto, no de Google.",RECOMENDACIÓN: reconsultar Keyword Planner antes de priorizar o excluir.,Sin métricas Google; autenticación detenida antes de GenerateKeywordIdeas.
curso office para principiantes,curso office para principiantes,principiantes_desde_cero,curso office para principiantes,manual_seed_required,2026-07-24,Santiago de Chile (solicitado; no consultado),,Español (solicitado; no consultado),Google Search (solicitado; no consultado),,,,,,,null,BEGINNER_GENERAL,HIGH,NOT_EXPLICIT,NOT_EXPLICIT,EXPLICIT,NO,NO,LOW,LOW,65,INSUFFICIENT_DATA,,HECHO: semilla preparada; la API no devolvió métricas por scope OAuth insuficiente.,"SUPUESTO: clasificación y puntaje se infieren solo del texto, no de Google.",RECOMENDACIÓN: reconsultar Keyword Planner antes de priorizar o excluir.,Sin métricas Google; autenticación detenida antes de GenerateKeywordIdeas.
curso office personas sin experiencia,curso office personas sin experiencia,principiantes_desde_cero,curso office personas sin experiencia,manual_seed_required,2026-07-24,Santiago de Chile (solicitado; no consultado),,Español (solicitado; no consultado),Google Search (solicitado; no consultado),,,,,,,null,BEGINNER_GENERAL,HIGH,NOT_EXPLICIT,NOT_EXPLICIT,EXPLICIT,NO,NO,LOW,LOW,65,INSUFFICIENT_DATA,,HECHO: semilla preparada; la API no devolvió métricas por scope OAuth insuficiente.,"SUPUESTO: clasificación y puntaje se infieren solo del texto, no de Google.",RECOMENDACIÓN: reconsultar Keyword Planner antes de priorizar o excluir.,Sin métricas Google; autenticación detenida antes de GenerateKeywordIdeas.
curso computación para personas sin experiencia,curso computación para personas sin experiencia,principiantes_desde_cero,curso computación para personas sin experiencia,manual_seed_required,2026-07-24,Santiago de Chile (solicitado; no consultado),,Español (solicitado; no consultado),Google Search (solicitado; no consultado),,,,,,,null,BEGINNER_GENERAL,HIGH,NOT_EXPLICIT,NOT_EXPLICIT,EXPLICIT,NO,NO,LOW,LOW,65,INSUFFICIENT_DATA,,HECHO: semilla preparada; la API no devolvió métricas por scope OAuth insuficiente.,"SUPUESTO: clasificación y puntaje se infieren solo del texto, no de Google.",RECOMENDACIÓN: reconsultar Keyword Planner antes de priorizar o excluir.,Sin métricas Google; autenticación detenida antes de GenerateKeywordIdeas.
clases computación nivel básico,clases computación nivel básico,principiantes_desde_cero,clases computación nivel básico,manual_seed_required,2026-07-24,Santiago de Chile (solicitado; no consultado),,Español (solicitado; no consultado),Google Search (solicitado; no consultado),,,,,,,null,BEGINNER_GENERAL,HIGH,NOT_EXPLICIT,NOT_EXPLICIT,EXPLICIT,NO,NO,LOW,LOW,65,INSUFFICIENT_DATA,,HECHO: semilla preparada; la API no devolvió métricas por scope OAuth insuficiente.,"SUPUESTO: clasificación y puntaje se infieren solo del texto, no de Google.",RECOMENDACIÓN: reconsultar Keyword Planner antes de priorizar o excluir.,Sin métricas Google; autenticación detenida antes de GenerateKeywordIdeas.
curso computador para principiantes,curso computador para principiantes,principiantes_desde_cero,curso computador para principiantes,manual_seed_required,2026-07-24,Santiago de Chile (solicitado; no consultado),,Español (solicitado; no consultado),Google Search (solicitado; no consultado),,,,,,,null,BEGINNER_GENERAL,HIGH,NOT_EXPLICIT,NOT_EXPLICIT,EXPLICIT,NO,NO,LOW,LOW,65,INSUFFICIENT_DATA,,HECHO: semilla preparada; la API no devolvió métricas por scope OAuth insuficiente.,"SUPUESTO: clasificación y puntaje se infieren solo del texto, no de Google.",RECOMENDACIÓN: reconsultar Keyword Planner antes de priorizar o excluir.,Sin métricas Google; autenticación detenida antes de GenerateKeywordIdeas.
curso informática desde cero,curso informática desde cero,principiantes_desde_cero,curso informática desde cero,manual_seed_required,2026-07-24,Santiago de Chile (solicitado; no consultado),,Español (solicitado; no consultado),Google Search (solicitado; no consultado),,,,,,,null,BEGINNER_GENERAL,HIGH,NOT_EXPLICIT,NOT_EXPLICIT,EXPLICIT,NO,NO,LOW,LOW,65,INSUFFICIENT_DATA,,HECHO: semilla preparada; la API no devolvió métricas por scope OAuth insuficiente.,"SUPUESTO: clasificación y puntaje se infieren solo del texto, no de Google.",RECOMENDACIÓN: reconsultar Keyword Planner antes de priorizar o excluir.,Sin métricas Google; autenticación detenida antes de GenerateKeywordIdeas.
aprender pc desde cero,aprender pc desde cero,principiantes_desde_cero,aprender pc desde cero,manual_seed_required,2026-07-24,Santiago de Chile (solicitado; no consultado),,Español (solicitado; no consultado),Google Search (solicitado; no consultado),,,,,,,null,BEGINNER_GENERAL,LOW,NOT_EXPLICIT,NOT_EXPLICIT,EXPLICIT,NO,NO,LOW,LOW,35,INSUFFICIENT_DATA,,HECHO: semilla preparada; la API no devolvió métricas por scope OAuth insuficiente.,"SUPUESTO: clasificación y puntaje se infieren solo del texto, no de Google.",RECOMENDACIÓN: reconsultar Keyword Planner antes de priorizar o excluir.,Sin métricas Google; autenticación detenida antes de GenerateKeywordIdeas.
curso word básico presencial,curso word básico presencial,herramientas_especificas,curso word básico presencial,manual_seed_required,2026-07-24,Santiago de Chile (solicitado; no consultado),,Español (solicitado; no consultado),Google Search (solicitado; no consultado),,,,,,,null,TOOL_SPECIFIC,HIGH,EXPLICIT,NOT_EXPLICIT,EXPLICIT,NO,NO,LOW,LOW,85,INSUFFICIENT_DATA,,HECHO: semilla preparada; la API no devolvió métricas por scope OAuth insuficiente.,"SUPUESTO: clasificación y puntaje se infieren solo del texto, no de Google.",RECOMENDACIÓN: reconsultar Keyword Planner antes de priorizar o excluir.,Sin métricas Google; autenticación detenida antes de GenerateKeywordIdeas.
curso word presencial santiago,curso word presencial santiago,herramientas_especificas,curso word presencial santiago,manual_seed_required,2026-07-24,Santiago de Chile (solicitado; no consultado),,Español (solicitado; no consultado),Google Search (solicitado; no consultado),,,,,,,null,TOOL_SPECIFIC,HIGH,EXPLICIT,EXPLICIT_SANTIAGO,NOT_EXPLICIT,NO,NO,LOW,LOW,85,INSUFFICIENT_DATA,,HECHO: semilla preparada; la API no devolvió métricas por scope OAuth insuficiente.,"SUPUESTO: clasificación y puntaje se infieren solo del texto, no de Google.",RECOMENDACIÓN: reconsultar Keyword Planner antes de priorizar o excluir.,Sin métricas Google; autenticación detenida antes de GenerateKeywordIdeas.
curso excel básico presencial,curso excel básico presencial,herramientas_especificas,curso excel básico presencial,manual_seed_required,2026-07-24,Santiago de Chile (solicitado; no consultado),,Español (solicitado; no consultado),Google Search (solicitado; no consultado),,,,,,,null,TOOL_SPECIFIC,HIGH,EXPLICIT,NOT_EXPLICIT,EXPLICIT,NO,NO,LOW,LOW,85,INSUFFICIENT_DATA,,HECHO: semilla preparada; la API no devolvió métricas por scope OAuth insuficiente.,"SUPUESTO: clasificación y puntaje se infieren solo del texto, no de Google.",RECOMENDACIÓN: reconsultar Keyword Planner antes de priorizar o excluir.,Sin métricas Google; autenticación detenida antes de GenerateKeywordIdeas.
curso excel presencial santiago,curso excel presencial santiago,herramientas_especificas,curso excel presencial santiago,manual_seed_required,2026-07-24,Santiago de Chile (solicitado; no consultado),,Español (solicitado; no consultado),Google Search (solicitado; no consultado),,,,,,,null,TOOL_SPECIFIC,HIGH,EXPLICIT,EXPLICIT_SANTIAGO,NOT_EXPLICIT,NO,NO,LOW,LOW,85,INSUFFICIENT_DATA,,HECHO: semilla preparada; la API no devolvió métricas por scope OAuth insuficiente.,"SUPUESTO: clasificación y puntaje se infieren solo del texto, no de Google.",RECOMENDACIÓN: reconsultar Keyword Planner antes de priorizar o excluir.,Sin métricas Google; autenticación detenida antes de GenerateKeywordIdeas.
curso powerpoint básico presencial,curso powerpoint básico presencial,herramientas_especificas,curso powerpoint básico presencial,manual_seed_required,2026-07-24,Santiago de Chile (solicitado; no consultado),,Español (solicitado; no consultado),Google Search (solicitado; no consultado),,,,,,,null,TOOL_SPECIFIC,HIGH,EXPLICIT,NOT_EXPLICIT,EXPLICIT,NO,NO,LOW,LOW,85,INSUFFICIENT_DATA,,HECHO: semilla preparada; la API no devolvió métricas por scope OAuth insuficiente.,"SUPUESTO: clasificación y puntaje se infieren solo del texto, no de Google.",RECOMENDACIÓN: reconsultar Keyword Planner antes de priorizar o excluir.,Sin métricas Google; autenticación detenida antes de GenerateKeywordIdeas.
curso powerpoint presencial,curso powerpoint presencial,herramientas_especificas,curso powerpoint presencial,manual_seed_required,2026-07-24,Santiago de Chile (solicitado; no consultado),,Español (solicitado; no consultado),Google Search (solicitado; no consultado),,,,,,,null,TOOL_SPECIFIC,HIGH,EXPLICIT,NOT_EXPLICIT,NOT_EXPLICIT,NO,NO,LOW,LOW,70,INSUFFICIENT_DATA,,HECHO: semilla preparada; la API no devolvió métricas por scope OAuth insuficiente.,"SUPUESTO: clasificación y puntaje se infieren solo del texto, no de Google.",RECOMENDACIÓN: reconsultar Keyword Planner antes de priorizar o excluir.,Sin métricas Google; autenticación detenida antes de GenerateKeywordIdeas.
curso outlook presencial,curso outlook presencial,herramientas_especificas,curso outlook presencial,manual_seed_required,2026-07-24,Santiago de Chile (solicitado; no consultado),,Español (solicitado; no consultado),Google Search (solicitado; no consultado),,,,,,,null,TOOL_SPECIFIC,HIGH,EXPLICIT,NOT_EXPLICIT,NOT_EXPLICIT,NO,NO,LOW,LOW,70,INSUFFICIENT_DATA,,HECHO: semilla preparada; la API no devolvió métricas por scope OAuth insuficiente.,"SUPUESTO: clasificación y puntaje se infieren solo del texto, no de Google.",RECOMENDACIÓN: reconsultar Keyword Planner antes de priorizar o excluir.,Sin métricas Google; autenticación detenida antes de GenerateKeywordIdeas.
curso outlook básico,curso outlook básico,herramientas_especificas,curso outlook básico,manual_seed_required,2026-07-24,Santiago de Chile (solicitado; no consultado),,Español (solicitado; no consultado),Google Search (solicitado; no consultado),,,,,,,null,TOOL_SPECIFIC,HIGH,NOT_EXPLICIT,NOT_EXPLICIT,EXPLICIT,NO,NO,LOW,LOW,65,INSUFFICIENT_DATA,,HECHO: semilla preparada; la API no devolvió métricas por scope OAuth insuficiente.,"SUPUESTO: clasificación y puntaje se infieren solo del texto, no de Google.",RECOMENDACIÓN: reconsultar Keyword Planner antes de priorizar o excluir.,Sin métricas Google; autenticación detenida antes de GenerateKeywordIdeas.
curso windows básico presencial,curso windows básico presencial,herramientas_especificas,curso windows básico presencial,manual_seed_required,2026-07-24,Santiago de Chile (solicitado; no consultado),,Español (solicitado; no consultado),Google Search (solicitado; no consultado),,,,,,,null,TOOL_SPECIFIC,HIGH,EXPLICIT,NOT_EXPLICIT,EXPLICIT,NO,NO,LOW,LOW,85,INSUFFICIENT_DATA,,HECHO: semilla preparada; la API no devolvió métricas por scope OAuth insuficiente.,"SUPUESTO: clasificación y puntaje se infieren solo del texto, no de Google.",RECOMENDACIÓN: reconsultar Keyword Planner antes de priorizar o excluir.,Sin métricas Google; autenticación detenida antes de GenerateKeywordIdeas.
curso windows para principiantes,curso windows para principiantes,herramientas_especificas,curso windows para principiantes,manual_seed_required,2026-07-24,Santiago de Chile (solicitado; no consultado),,Español (solicitado; no consultado),Google Search (solicitado; no consultado),,,,,,,null,TOOL_SPECIFIC,HIGH,NOT_EXPLICIT,NOT_EXPLICIT,EXPLICIT,NO,NO,LOW,LOW,65,INSUFFICIENT_DATA,,HECHO: semilla preparada; la API no devolvió métricas por scope OAuth insuficiente.,"SUPUESTO: clasificación y puntaje se infieren solo del texto, no de Google.",RECOMENDACIÓN: reconsultar Keyword Planner antes de priorizar o excluir.,Sin métricas Google; autenticación detenida antes de GenerateKeywordIdeas.
curso correo electrónico presencial,curso correo electrónico presencial,herramientas_especificas,curso correo electrónico presencial,manual_seed_required,2026-07-24,Santiago de Chile (solicitado; no consultado),,Español (solicitado; no consultado),Google Search (solicitado; no consultado),,,,,,,null,TOOL_SPECIFIC,HIGH,EXPLICIT,NOT_EXPLICIT,NOT_EXPLICIT,NO,NO,LOW,LOW,55,INSUFFICIENT_DATA,,HECHO: semilla preparada; la API no devolvió métricas por scope OAuth insuficiente.,"SUPUESTO: clasificación y puntaje se infieren solo del texto, no de Google.",RECOMENDACIÓN: reconsultar Keyword Planner antes de priorizar o excluir.,Sin métricas Google; autenticación detenida antes de GenerateKeywordIdeas.
curso manejo de correo electrónico,curso manejo de correo electrónico,herramientas_especificas,curso manejo de correo electrónico,manual_seed_required,2026-07-24,Santiago de Chile (solicitado; no consultado),,Español (solicitado; no consultado),Google Search (solicitado; no consultado),,,,,,,null,TOOL_SPECIFIC,HIGH,NOT_EXPLICIT,NOT_EXPLICIT,NOT_EXPLICIT,NO,NO,LOW,LOW,35,INSUFFICIENT_DATA,,HECHO: semilla preparada; la API no devolvió métricas por scope OAuth insuficiente.,"SUPUESTO: clasificación y puntaje se infieren solo del texto, no de Google.",RECOMENDACIÓN: reconsultar Keyword Planner antes de priorizar o excluir.,Sin métricas Google; autenticación detenida antes de GenerateKeywordIdeas.
aprender word excel y correo electrónico,aprender word excel y correo electrónico,herramientas_especificas,aprender word excel y correo electrónico,manual_seed_required,2026-07-24,Santiago de Chile (solicitado; no consultado),,Español (solicitado; no consultado),Google Search (solicitado; no consultado),,,,,,,null,TOOL_SPECIFIC,LOW,NOT_EXPLICIT,NOT_EXPLICIT,NOT_EXPLICIT,NO,NO,LOW,LOW,35,INSUFFICIENT_DATA,,HECHO: semilla preparada; la API no devolvió métricas por scope OAuth insuficiente.,"SUPUESTO: clasificación y puntaje se infieren solo del texto, no de Google.",RECOMENDACIÓN: reconsultar Keyword Planner antes de priorizar o excluir.,Sin métricas Google; autenticación detenida antes de GenerateKeywordIdeas.
curso internet y correo electrónico,curso internet y correo electrónico,herramientas_especificas,curso internet y correo electrónico,manual_seed_required,2026-07-24,Santiago de Chile (solicitado; no consultado),,Español (solicitado; no consultado),Google Search (solicitado; no consultado),,,,,,,null,TOOL_SPECIFIC,HIGH,NOT_EXPLICIT,NOT_EXPLICIT,NOT_EXPLICIT,NO,NO,LOW,LOW,35,INSUFFICIENT_DATA,,HECHO: semilla preparada; la API no devolvió métricas por scope OAuth insuficiente.,"SUPUESTO: clasificación y puntaje se infieren solo del texto, no de Google.",RECOMENDACIÓN: reconsultar Keyword Planner antes de priorizar o excluir.,Sin métricas Google; autenticación detenida antes de GenerateKeywordIdeas.
curso office completo santiago,curso office completo santiago,herramientas_especificas,curso office completo santiago,manual_seed_required,2026-07-24,Santiago de Chile (solicitado; no consultado),,Español (solicitado; no consultado),Google Search (solicitado; no consultado),,,,,,,null,TOOL_SPECIFIC,HIGH,NOT_EXPLICIT,EXPLICIT_SANTIAGO,NOT_EXPLICIT,NO,NO,LOW,LOW,65,INSUFFICIENT_DATA,,HECHO: semilla preparada; la API no devolvió métricas por scope OAuth insuficiente.,"SUPUESTO: clasificación y puntaje se infieren solo del texto, no de Google.",RECOMENDACIÓN: reconsultar Keyword Planner antes de priorizar o excluir.,Sin métricas Google; autenticación detenida antes de GenerateKeywordIdeas.
curso computación para trabajar,curso computación para trabajar,uso_laboral_autonomia,curso computación para trabajar,manual_seed_required,2026-07-24,Santiago de Chile (solicitado; no consultado),,Español (solicitado; no consultado),Google Search (solicitado; no consultado),,,,,,,null,EMPLOYMENT_CONTEXT,HIGH,NOT_EXPLICIT,NOT_EXPLICIT,NOT_EXPLICIT,NO,EXPLICIT,LOW,LOW,50,INSUFFICIENT_DATA,,HECHO: semilla preparada; la API no devolvió métricas por scope OAuth insuficiente.,"SUPUESTO: clasificación y puntaje se infieren solo del texto, no de Google.",RECOMENDACIÓN: reconsultar Keyword Planner antes de priorizar o excluir.,Sin métricas Google; autenticación detenida antes de GenerateKeywordIdeas.
computación básica para el trabajo,computación básica para el trabajo,uso_laboral_autonomia,computación básica para el trabajo,manual_seed_required,2026-07-24,Santiago de Chile (solicitado; no consultado),,Español (solicitado; no consultado),Google Search (solicitado; no consultado),,,,,,,null,EMPLOYMENT_CONTEXT,LOW,NOT_EXPLICIT,NOT_EXPLICIT,EXPLICIT,NO,EXPLICIT,LOW,LOW,50,INSUFFICIENT_DATA,,HECHO: semilla preparada; la API no devolvió métricas por scope OAuth insuficiente.,"SUPUESTO: clasificación y puntaje se infieren solo del texto, no de Google.",RECOMENDACIÓN: reconsultar Keyword Planner antes de priorizar o excluir.,Sin métricas Google; autenticación detenida antes de GenerateKeywordIdeas.
curso office para trabajar,curso office para trabajar,uso_laboral_autonomia,curso office para trabajar,manual_seed_required,2026-07-24,Santiago de Chile (solicitado; no consultado),,Español (solicitado; no consultado),Google Search (solicitado; no consultado),,,,,,,null,EMPLOYMENT_CONTEXT,HIGH,NOT_EXPLICIT,NOT_EXPLICIT,NOT_EXPLICIT,NO,EXPLICIT,LOW,LOW,50,INSUFFICIENT_DATA,,HECHO: semilla preparada; la API no devolvió métricas por scope OAuth insuficiente.,"SUPUESTO: clasificación y puntaje se infieren solo del texto, no de Google.",RECOMENDACIÓN: reconsultar Keyword Planner antes de priorizar o excluir.,Sin métricas Google; autenticación detenida antes de GenerateKeywordIdeas.
aprender office para trabajar,aprender office para trabajar,uso_laboral_autonomia,aprender office para trabajar,manual_seed_required,2026-07-24,Santiago de Chile (solicitado; no consultado),,Español (solicitado; no consultado),Google Search (solicitado; no consultado),,,,,,,null,EMPLOYMENT_CONTEXT,LOW,NOT_EXPLICIT,NOT_EXPLICIT,NOT_EXPLICIT,NO,EXPLICIT,LOW,LOW,35,INSUFFICIENT_DATA,,HECHO: semilla preparada; la API no devolvió métricas por scope OAuth insuficiente.,"SUPUESTO: clasificación y puntaje se infieren solo del texto, no de Google.",RECOMENDACIÓN: reconsultar Keyword Planner antes de priorizar o excluir.,Sin métricas Google; autenticación detenida antes de GenerateKeywordIdeas.
curso computación para reinserción laboral,curso computación para reinserción laboral,uso_laboral_autonomia,curso computación para reinserción laboral,manual_seed_required,2026-07-24,Santiago de Chile (solicitado; no consultado),,Español (solicitado; no consultado),Google Search (solicitado; no consultado),,,,,,,null,EMPLOYMENT_CONTEXT,HIGH,NOT_EXPLICIT,NOT_EXPLICIT,NOT_EXPLICIT,NO,EXPLICIT,LOW,LOW,50,INSUFFICIENT_DATA,,HECHO: semilla preparada; la API no devolvió métricas por scope OAuth insuficiente.,"SUPUESTO: clasificación y puntaje se infieren solo del texto, no de Google.",RECOMENDACIÓN: reconsultar Keyword Planner antes de priorizar o excluir.,Sin métricas Google; autenticación detenida antes de GenerateKeywordIdeas.
habilidades digitales para el trabajo,habilidades digitales para el trabajo,uso_laboral_autonomia,habilidades digitales para el trabajo,manual_seed_required,2026-07-24,Santiago de Chile (solicitado; no consultado),,Español (solicitado; no consultado),Google Search (solicitado; no consultado),,,,,,,null,EMPLOYMENT_CONTEXT,LOW,NOT_EXPLICIT,NOT_EXPLICIT,NOT_EXPLICIT,NO,EXPLICIT,LOW,LOW,35,INSUFFICIENT_DATA,,HECHO: semilla preparada; la API no devolvió métricas por scope OAuth insuficiente.,"SUPUESTO: clasificación y puntaje se infieren solo del texto, no de Google.",RECOMENDACIÓN: reconsultar Keyword Planner antes de priorizar o excluir.,Sin métricas Google; autenticación detenida antes de GenerateKeywordIdeas.
aprender excel y word para trabajar,aprender excel y word para trabajar,uso_laboral_autonomia,aprender excel y word para trabajar,manual_seed_required,2026-07-24,Santiago de Chile (solicitado; no consultado),,Español (solicitado; no consultado),Google Search (solicitado; no consultado),,,,,,,null,EMPLOYMENT_CONTEXT,LOW,NOT_EXPLICIT,NOT_EXPLICIT,NOT_EXPLICIT,NO,EXPLICIT,LOW,LOW,35,INSUFFICIENT_DATA,,HECHO: semilla preparada; la API no devolvió métricas por scope OAuth insuficiente.,"SUPUESTO: clasificación y puntaje se infieren solo del texto, no de Google.",RECOMENDACIÓN: reconsultar Keyword Planner antes de priorizar o excluir.,Sin métricas Google; autenticación detenida antes de GenerateKeywordIdeas.
curso actualización computacional,curso actualización computacional,uso_laboral_autonomia,curso actualización computacional,manual_seed_required,2026-07-24,Santiago de Chile (solicitado; no consultado),,Español (solicitado; no consultado),Google Search (solicitado; no consultado),,,,,,,null,AMBIGUOUS,HIGH,NOT_EXPLICIT,NOT_EXPLICIT,NOT_EXPLICIT,NO,NO,LOW,LOW,35,INSUFFICIENT_DATA,,HECHO: semilla preparada; la API no devolvió métricas por scope OAuth insuficiente.,"SUPUESTO: clasificación y puntaje se infieren solo del texto, no de Google.",RECOMENDACIÓN: reconsultar Keyword Planner antes de priorizar o excluir.,Sin métricas Google; autenticación detenida antes de GenerateKeywordIdeas.
curso actualización digital,curso actualización digital,uso_laboral_autonomia,curso actualización digital,manual_seed_required,2026-07-24,Santiago de Chile (solicitado; no consultado),,Español (solicitado; no consultado),Google Search (solicitado; no consultado),,,,,,,null,AMBIGUOUS,HIGH,NOT_EXPLICIT,NOT_EXPLICIT,NOT_EXPLICIT,NO,NO,LOW,LOW,50,INSUFFICIENT_DATA,,HECHO: semilla preparada; la API no devolvió métricas por scope OAuth insuficiente.,"SUPUESTO: clasificación y puntaje se infieren solo del texto, no de Google.",RECOMENDACIÓN: reconsultar Keyword Planner antes de priorizar o excluir.,Sin métricas Google; autenticación detenida antes de GenerateKeywordIdeas.
capacitación digital para personas,capacitación digital para personas,uso_laboral_autonomia,capacitación digital para personas,manual_seed_required,2026-07-24,Santiago de Chile (solicitado; no consultado),,Español (solicitado; no consultado),Google Search (solicitado; no consultado),,,,,,,null,AMBIGUOUS,HIGH,NOT_EXPLICIT,NOT_EXPLICIT,NOT_EXPLICIT,NO,NO,LOW,LOW,50,INSUFFICIENT_DATA,,HECHO: semilla preparada; la API no devolvió métricas por scope OAuth insuficiente.,"SUPUESTO: clasificación y puntaje se infieren solo del texto, no de Google.",RECOMENDACIÓN: reconsultar Keyword Planner antes de priorizar o excluir.,Sin métricas Google; autenticación detenida antes de GenerateKeywordIdeas.
curso computación para buscar trabajo,curso computación para buscar trabajo,uso_laboral_autonomia,curso computación para buscar trabajo,manual_seed_required,2026-07-24,Santiago de Chile (solicitado; no consultado),,Español (solicitado; no consultado),Google Search (solicitado; no consultado),,,,,,,null,EMPLOYMENT_CONTEXT,HIGH,NOT_EXPLICIT,NOT_EXPLICIT,NOT_EXPLICIT,NO,EXPLICIT,LOW,LOW,50,INSUFFICIENT_DATA,,HECHO: semilla preparada; la API no devolvió métricas por scope OAuth insuficiente.,"SUPUESTO: clasificación y puntaje se infieren solo del texto, no de Google.",RECOMENDACIÓN: reconsultar Keyword Planner antes de priorizar o excluir.,Sin métricas Google; autenticación detenida antes de GenerateKeywordIdeas.
curso herramientas digitales para trabajar,curso herramientas digitales para trabajar,uso_laboral_autonomia,curso herramientas digitales para trabajar,manual_seed_required,2026-07-24,Santiago de Chile (solicitado; no consultado),,Español (solicitado; no consultado),Google Search (solicitado; no consultado),,,,,,,null,EMPLOYMENT_CONTEXT,HIGH,NOT_EXPLICIT,NOT_EXPLICIT,NOT_EXPLICIT,NO,EXPLICIT,LOW,LOW,50,INSUFFICIENT_DATA,,HECHO: semilla preparada; la API no devolvió métricas por scope OAuth insuficiente.,"SUPUESTO: clasificación y puntaje se infieren solo del texto, no de Google.",RECOMENDACIÓN: reconsultar Keyword Planner antes de priorizar o excluir.,Sin métricas Google; autenticación detenida antes de GenerateKeywordIdeas.
curso informática básica laboral,curso informática básica laboral,uso_laboral_autonomia,curso informática básica laboral,manual_seed_required,2026-07-24,Santiago de Chile (solicitado; no consultado),,Español (solicitado; no consultado),Google Search (solicitado; no consultado),,,,,,,null,EMPLOYMENT_CONTEXT,HIGH,NOT_EXPLICIT,NOT_EXPLICIT,EXPLICIT,NO,EXPLICIT,LOW,LOW,65,INSUFFICIENT_DATA,,HECHO: semilla preparada; la API no devolvió métricas por scope OAuth insuficiente.,"SUPUESTO: clasificación y puntaje se infieren solo del texto, no de Google.",RECOMENDACIÓN: reconsultar Keyword Planner antes de priorizar o excluir.,Sin métricas Google; autenticación detenida antes de GenerateKeywordIdeas.
curso office laboral presencial,curso office laboral presencial,uso_laboral_autonomia,curso office laboral presencial,manual_seed_required,2026-07-24,Santiago de Chile (solicitado; no consultado),,Español (solicitado; no consultado),Google Search (solicitado; no consultado),,,,,,,null,EMPLOYMENT_CONTEXT,HIGH,EXPLICIT,NOT_EXPLICIT,NOT_EXPLICIT,NO,EXPLICIT,LOW,LOW,70,INSUFFICIENT_DATA,,HECHO: semilla preparada; la API no devolvió métricas por scope OAuth insuficiente.,"SUPUESTO: clasificación y puntaje se infieren solo del texto, no de Google.",RECOMENDACIÓN: reconsultar Keyword Planner antes de priorizar o excluir.,Sin métricas Google; autenticación detenida antes de GenerateKeywordIdeas.
gratis,gratis,negative_candidates,,manual_negative_candidate,2026-07-24,No aplica; no consultado,,Español,No aplica; no consultado,,,,,,,null,NEGATIVE_CANDIDATE,LOW,NOT_EXPLICIT,NOT_EXPLICIT,NOT_EXPLICIT,NO,NO,LOW,LOW,0,NEGATIVE_CANDIDATE,Intención probablemente incompatible con un curso presencial B2C pagado.,HECHO: término incluido como negativa candidata manual; no fue aplicado en Google Ads.,SUPUESTO: la intención puede ser incompatible; requiere validar consultas y concordancias.,RECOMENDACIÓN: revisar antes de negativizar; no aplicar automáticamente.,Lista manual para análisis; no aplicada a ninguna campaña.
gratuito,gratuito,negative_candidates,,manual_negative_candidate,2026-07-24,No aplica; no consultado,,Español,No aplica; no consultado,,,,,,,null,NEGATIVE_CANDIDATE,LOW,NOT_EXPLICIT,NOT_EXPLICIT,NOT_EXPLICIT,NO,NO,LOW,LOW,0,NEGATIVE_CANDIDATE,Intención probablemente incompatible con un curso presencial B2C pagado.,HECHO: término incluido como negativa candidata manual; no fue aplicado en Google Ads.,SUPUESTO: la intención puede ser incompatible; requiere validar consultas y concordancias.,RECOMENDACIÓN: revisar antes de negativizar; no aplicar automáticamente.,Lista manual para análisis; no aplicada a ninguna campaña.
online,online,negative_candidates,,manual_negative_candidate,2026-07-24,No aplica; no consultado,,Español,No aplica; no consultado,,,,,,,null,NEGATIVE_CANDIDATE,LOW,NOT_EXPLICIT,NOT_EXPLICIT,NOT_EXPLICIT,NO,NO,LOW,LOW,0,NEGATIVE_CANDIDATE,Intención probablemente incompatible con un curso presencial B2C pagado.,HECHO: término incluido como negativa candidata manual; no fue aplicado en Google Ads.,SUPUESTO: la intención puede ser incompatible; requiere validar consultas y concordancias.,RECOMENDACIÓN: revisar antes de negativizar; no aplicar automáticamente.,Lista manual para análisis; no aplicada a ninguna campaña.
virtual,virtual,negative_candidates,,manual_negative_candidate,2026-07-24,No aplica; no consultado,,Español,No aplica; no consultado,,,,,,,null,NEGATIVE_CANDIDATE,LOW,NOT_EXPLICIT,NOT_EXPLICIT,NOT_EXPLICIT,NO,NO,LOW,LOW,0,NEGATIVE_CANDIDATE,Intención probablemente incompatible con un curso presencial B2C pagado.,HECHO: término incluido como negativa candidata manual; no fue aplicado en Google Ads.,SUPUESTO: la intención puede ser incompatible; requiere validar consultas y concordancias.,RECOMENDACIÓN: revisar antes de negativizar; no aplicar automáticamente.,Lista manual para análisis; no aplicada a ninguna campaña.
remoto,remoto,negative_candidates,,manual_negative_candidate,2026-07-24,No aplica; no consultado,,Español,No aplica; no consultado,,,,,,,null,NEGATIVE_CANDIDATE,LOW,NOT_EXPLICIT,NOT_EXPLICIT,NOT_EXPLICIT,NO,NO,LOW,LOW,0,NEGATIVE_CANDIDATE,Intención probablemente incompatible con un curso presencial B2C pagado.,HECHO: término incluido como negativa candidata manual; no fue aplicado en Google Ads.,SUPUESTO: la intención puede ser incompatible; requiere validar consultas y concordancias.,RECOMENDACIÓN: revisar antes de negativizar; no aplicar automáticamente.,Lista manual para análisis; no aplicada a ninguna campaña.
pdf,pdf,negative_candidates,,manual_negative_candidate,2026-07-24,No aplica; no consultado,,Español,No aplica; no consultado,,,,,,,null,NEGATIVE_CANDIDATE,LOW,NOT_EXPLICIT,NOT_EXPLICIT,NOT_EXPLICIT,NO,NO,LOW,HIGH,0,NEGATIVE_CANDIDATE,Intención probablemente incompatible con un curso presencial B2C pagado.,HECHO: término incluido como negativa candidata manual; no fue aplicado en Google Ads.,SUPUESTO: la intención puede ser incompatible; requiere validar consultas y concordancias.,RECOMENDACIÓN: revisar antes de negativizar; no aplicar automáticamente.,Lista manual para análisis; no aplicada a ninguna campaña.
descargar,descargar,negative_candidates,,manual_negative_candidate,2026-07-24,No aplica; no consultado,,Español,No aplica; no consultado,,,,,,,null,NEGATIVE_CANDIDATE,LOW,NOT_EXPLICIT,NOT_EXPLICIT,NOT_EXPLICIT,NO,NO,HIGH,LOW,0,NEGATIVE_CANDIDATE,Intención probablemente incompatible con un curso presencial B2C pagado.,HECHO: término incluido como negativa candidata manual; no fue aplicado en Google Ads.,SUPUESTO: la intención puede ser incompatible; requiere validar consultas y concordancias.,RECOMENDACIÓN: revisar antes de negativizar; no aplicar automáticamente.,Lista manual para análisis; no aplicada a ninguna campaña.
tutorial,tutorial,negative_candidates,,manual_negative_candidate,2026-07-24,No aplica; no consultado,,Español,No aplica; no consultado,,,,,,,null,NEGATIVE_CANDIDATE,LOW,NOT_EXPLICIT,NOT_EXPLICIT,NOT_EXPLICIT,NO,NO,LOW,HIGH,0,NEGATIVE_CANDIDATE,Intención probablemente incompatible con un curso presencial B2C pagado.,HECHO: término incluido como negativa candidata manual; no fue aplicado en Google Ads.,SUPUESTO: la intención puede ser incompatible; requiere validar consultas y concordancias.,RECOMENDACIÓN: revisar antes de negativizar; no aplicar automáticamente.,Lista manual para análisis; no aplicada a ninguna campaña.
youtube,youtube,negative_candidates,,manual_negative_candidate,2026-07-24,No aplica; no consultado,,Español,No aplica; no consultado,,,,,,,null,NEGATIVE_CANDIDATE,LOW,NOT_EXPLICIT,NOT_EXPLICIT,NOT_EXPLICIT,NO,NO,LOW,HIGH,0,NEGATIVE_CANDIDATE,Intención probablemente incompatible con un curso presencial B2C pagado.,HECHO: término incluido como negativa candidata manual; no fue aplicado en Google Ads.,SUPUESTO: la intención puede ser incompatible; requiere validar consultas y concordancias.,RECOMENDACIÓN: revisar antes de negativizar; no aplicar automáticamente.,Lista manual para análisis; no aplicada a ninguna campaña.
certificado gratis,certificado gratis,negative_candidates,,manual_negative_candidate,2026-07-24,No aplica; no consultado,,Español,No aplica; no consultado,,,,,,,null,NEGATIVE_CANDIDATE,LOW,NOT_EXPLICIT,NOT_EXPLICIT,NOT_EXPLICIT,NO,NO,LOW,LOW,0,NEGATIVE_CANDIDATE,Intención probablemente incompatible con un curso presencial B2C pagado.,HECHO: término incluido como negativa candidata manual; no fue aplicado en Google Ads.,SUPUESTO: la intención puede ser incompatible; requiere validar consultas y concordancias.,RECOMENDACIÓN: revisar antes de negativizar; no aplicar automáticamente.,Lista manual para análisis; no aplicada a ninguna campaña.
licencia office,licencia office,negative_candidates,,manual_negative_candidate,2026-07-24,No aplica; no consultado,,Español,No aplica; no consultado,,,,,,,null,NEGATIVE_CANDIDATE,LOW,NOT_EXPLICIT,NOT_EXPLICIT,NOT_EXPLICIT,NO,NO,HIGH,LOW,0,NEGATIVE_CANDIDATE,Intención probablemente incompatible con un curso presencial B2C pagado.,HECHO: término incluido como negativa candidata manual; no fue aplicado en Google Ads.,SUPUESTO: la intención puede ser incompatible; requiere validar consultas y concordancias.,RECOMENDACIÓN: revisar antes de negativizar; no aplicar automáticamente.,Lista manual para análisis; no aplicada a ninguna campaña.
comprar office,comprar office,negative_candidates,,manual_negative_candidate,2026-07-24,No aplica; no consultado,,Español,No aplica; no consultado,,,,,,,null,NEGATIVE_CANDIDATE,LOW,NOT_EXPLICIT,NOT_EXPLICIT,NOT_EXPLICIT,NO,NO,LOW,LOW,0,NEGATIVE_CANDIDATE,Intención probablemente incompatible con un curso presencial B2C pagado.,HECHO: término incluido como negativa candidata manual; no fue aplicado en Google Ads.,SUPUESTO: la intención puede ser incompatible; requiere validar consultas y concordancias.,RECOMENDACIÓN: revisar antes de negativizar; no aplicar automáticamente.,Lista manual para análisis; no aplicada a ninguna campaña.
descargar office,descargar office,negative_candidates,,manual_negative_candidate,2026-07-24,No aplica; no consultado,,Español,No aplica; no consultado,,,,,,,null,NEGATIVE_CANDIDATE,LOW,NOT_EXPLICIT,NOT_EXPLICIT,NOT_EXPLICIT,NO,NO,HIGH,LOW,0,NEGATIVE_CANDIDATE,Intención probablemente incompatible con un curso presencial B2C pagado.,HECHO: término incluido como negativa candidata manual; no fue aplicado en Google Ads.,SUPUESTO: la intención puede ser incompatible; requiere validar consultas y concordancias.,RECOMENDACIÓN: revisar antes de negativizar; no aplicar automáticamente.,Lista manual para análisis; no aplicada a ninguna campaña.
instalar office,instalar office,negative_candidates,,manual_negative_candidate,2026-07-24,No aplica; no consultado,,Español,No aplica; no consultado,,,,,,,null,NEGATIVE_CANDIDATE,LOW,NOT_EXPLICIT,NOT_EXPLICIT,NOT_EXPLICIT,NO,NO,HIGH,LOW,0,NEGATIVE_CANDIDATE,Intención probablemente incompatible con un curso presencial B2C pagado.,HECHO: término incluido como negativa candidata manual; no fue aplicado en Google Ads.,SUPUESTO: la intención puede ser incompatible; requiere validar consultas y concordancias.,RECOMENDACIÓN: revisar antes de negativizar; no aplicar automáticamente.,Lista manual para análisis; no aplicada a ninguna campaña.
office 365 gratis,office 365 gratis,negative_candidates,,manual_negative_candidate,2026-07-24,No aplica; no consultado,,Español,No aplica; no consultado,,,,,,,null,NEGATIVE_CANDIDATE,LOW,NOT_EXPLICIT,NOT_EXPLICIT,NOT_EXPLICIT,NO,NO,HIGH,LOW,0,NEGATIVE_CANDIDATE,Intención probablemente incompatible con un curso presencial B2C pagado.,HECHO: término incluido como negativa candidata manual; no fue aplicado en Google Ads.,SUPUESTO: la intención puede ser incompatible; requiere validar consultas y concordancias.,RECOMENDACIÓN: revisar antes de negativizar; no aplicar automáticamente.,Lista manual para análisis; no aplicada a ninguna campaña.
crack,crack,negative_candidates,,manual_negative_candidate,2026-07-24,No aplica; no consultado,,Español,No aplica; no consultado,,,,,,,null,NEGATIVE_CANDIDATE,LOW,NOT_EXPLICIT,NOT_EXPLICIT,NOT_EXPLICIT,NO,NO,HIGH,LOW,0,NEGATIVE_CANDIDATE,Intención probablemente incompatible con un curso presencial B2C pagado.,HECHO: término incluido como negativa candidata manual; no fue aplicado en Google Ads.,SUPUESTO: la intención puede ser incompatible; requiere validar consultas y concordancias.,RECOMENDACIÓN: revisar antes de negativizar; no aplicar automáticamente.,Lista manual para análisis; no aplicada a ninguna campaña.
pirata,pirata,negative_candidates,,manual_negative_candidate,2026-07-24,No aplica; no consultado,,Español,No aplica; no consultado,,,,,,,null,NEGATIVE_CANDIDATE,LOW,NOT_EXPLICIT,NOT_EXPLICIT,NOT_EXPLICIT,NO,NO,HIGH,LOW,0,NEGATIVE_CANDIDATE,Intención probablemente incompatible con un curso presencial B2C pagado.,HECHO: término incluido como negativa candidata manual; no fue aplicado en Google Ads.,SUPUESTO: la intención puede ser incompatible; requiere validar consultas y concordancias.,RECOMENDACIÓN: revisar antes de negativizar; no aplicar automáticamente.,Lista manual para análisis; no aplicada a ninguna campaña.
reparación,reparación,negative_candidates,,manual_negative_candidate,2026-07-24,No aplica; no consultado,,Español,No aplica; no consultado,,,,,,,null,NEGATIVE_CANDIDATE,LOW,NOT_EXPLICIT,NOT_EXPLICIT,NOT_EXPLICIT,NO,NO,LOW,LOW,0,NEGATIVE_CANDIDATE,Intención probablemente incompatible con un curso presencial B2C pagado.,HECHO: término incluido como negativa candidata manual; no fue aplicado en Google Ads.,SUPUESTO: la intención puede ser incompatible; requiere validar consultas y concordancias.,RECOMENDACIÓN: revisar antes de negativizar; no aplicar automáticamente.,Lista manual para análisis; no aplicada a ninguna campaña.
servicio técnico,servicio técnico,negative_candidates,,manual_negative_candidate,2026-07-24,No aplica; no consultado,,Español,No aplica; no consultado,,,,,,,null,NEGATIVE_CANDIDATE,LOW,NOT_EXPLICIT,NOT_EXPLICIT,NOT_EXPLICIT,NO,NO,LOW,LOW,0,NEGATIVE_CANDIDATE,Intención probablemente incompatible con un curso presencial B2C pagado.,HECHO: término incluido como negativa candidata manual; no fue aplicado en Google Ads.,SUPUESTO: la intención puede ser incompatible; requiere validar consultas y concordancias.,RECOMENDACIÓN: revisar antes de negativizar; no aplicar automáticamente.,Lista manual para análisis; no aplicada a ninguna campaña.
técnico en computación,técnico en computación,negative_candidates,,manual_negative_candidate,2026-07-24,No aplica; no consultado,,Español,No aplica; no consultado,,,,,,,null,NEGATIVE_CANDIDATE,LOW,NOT_EXPLICIT,NOT_EXPLICIT,NOT_EXPLICIT,NO,NO,LOW,LOW,0,NEGATIVE_CANDIDATE,Intención probablemente incompatible con un curso presencial B2C pagado.,HECHO: término incluido como negativa candidata manual; no fue aplicado en Google Ads.,SUPUESTO: la intención puede ser incompatible; requiere validar consultas y concordancias.,RECOMENDACIÓN: revisar antes de negativizar; no aplicar automáticamente.,Lista manual para análisis; no aplicada a ninguna campaña.
programación,programación,negative_candidates,,manual_negative_candidate,2026-07-24,No aplica; no consultado,,Español,No aplica; no consultado,,,,,,,null,NEGATIVE_CANDIDATE,LOW,NOT_EXPLICIT,NOT_EXPLICIT,NOT_EXPLICIT,NO,NO,LOW,LOW,0,NEGATIVE_CANDIDATE,Intención probablemente incompatible con un curso presencial B2C pagado.,HECHO: término incluido como negativa candidata manual; no fue aplicado en Google Ads.,SUPUESTO: la intención puede ser incompatible; requiere validar consultas y concordancias.,RECOMENDACIÓN: revisar antes de negativizar; no aplicar automáticamente.,Lista manual para análisis; no aplicada a ninguna campaña.
ingeniería informática,ingeniería informática,negative_candidates,,manual_negative_candidate,2026-07-24,No aplica; no consultado,,Español,No aplica; no consultado,,,,,,,null,NEGATIVE_CANDIDATE,LOW,NOT_EXPLICIT,NOT_EXPLICIT,NOT_EXPLICIT,NO,NO,LOW,LOW,0,NEGATIVE_CANDIDATE,Intención probablemente incompatible con un curso presencial B2C pagado.,HECHO: término incluido como negativa candidata manual; no fue aplicado en Google Ads.,SUPUESTO: la intención puede ser incompatible; requiere validar consultas y concordancias.,RECOMENDACIÓN: revisar antes de negativizar; no aplicar automáticamente.,Lista manual para análisis; no aplicada a ninguna campaña.
curso avanzado,curso avanzado,negative_candidates,,manual_negative_candidate,2026-07-24,No aplica; no consultado,,Español,No aplica; no consultado,,,,,,,null,NEGATIVE_CANDIDATE,HIGH,NOT_EXPLICIT,NOT_EXPLICIT,NOT_EXPLICIT,NO,NO,LOW,LOW,0,NEGATIVE_CANDIDATE,Nivel fuera de la oferta inicial; excluir solo si la oferta confirma nivel básico.,HECHO: término incluido como negativa candidata manual; no fue aplicado en Google Ads.,SUPUESTO: la intención puede ser incompatible; requiere validar consultas y concordancias.,RECOMENDACIÓN: revisar antes de negativizar; no aplicar automáticamente.,Lista manual para análisis; no aplicada a ninguna campaña.
niños,niños,negative_candidates,,manual_negative_candidate,2026-07-24,No aplica; no consultado,,Español,No aplica; no consultado,,,,,,,null,NEGATIVE_CANDIDATE,LOW,NOT_EXPLICIT,NOT_EXPLICIT,NOT_EXPLICIT,NO,NO,LOW,LOW,0,NEGATIVE_CANDIDATE,Intención probablemente incompatible con un curso presencial B2C pagado.,HECHO: término incluido como negativa candidata manual; no fue aplicado en Google Ads.,SUPUESTO: la intención puede ser incompatible; requiere validar consultas y concordancias.,RECOMENDACIÓN: revisar antes de negativizar; no aplicar automáticamente.,Lista manual para análisis; no aplicada a ninguna campaña.
colegio,colegio,negative_candidates,,manual_negative_candidate,2026-07-24,No aplica; no consultado,,Español,No aplica; no consultado,,,,,,,null,NEGATIVE_CANDIDATE,LOW,NOT_EXPLICIT,NOT_EXPLICIT,NOT_EXPLICIT,NO,NO,LOW,LOW,0,NEGATIVE_CANDIDATE,Intención probablemente incompatible con un curso presencial B2C pagado.,HECHO: término incluido como negativa candidata manual; no fue aplicado en Google Ads.,SUPUESTO: la intención puede ser incompatible; requiere validar consultas y concordancias.,RECOMENDACIÓN: revisar antes de negativizar; no aplicar automáticamente.,Lista manual para análisis; no aplicada a ninguna campaña.
colegios,colegios,negative_candidates,,manual_negative_candidate,2026-07-24,No aplica; no consultado,,Español,No aplica; no consultado,,,,,,,null,NEGATIVE_CANDIDATE,LOW,NOT_EXPLICIT,NOT_EXPLICIT,NOT_EXPLICIT,NO,NO,LOW,LOW,0,NEGATIVE_CANDIDATE,Intención probablemente incompatible con un curso presencial B2C pagado.,HECHO: término incluido como negativa candidata manual; no fue aplicado en Google Ads.,SUPUESTO: la intención puede ser incompatible; requiere validar consultas y concordancias.,RECOMENDACIÓN: revisar antes de negativizar; no aplicar automáticamente.,Lista manual para análisis; no aplicada a ninguna campaña.
universidad,universidad,negative_candidates,,manual_negative_candidate,2026-07-24,No aplica; no consultado,,Español,No aplica; no consultado,,,,,,,null,NEGATIVE_CANDIDATE,LOW,NOT_EXPLICIT,NOT_EXPLICIT,NOT_EXPLICIT,NO,NO,LOW,LOW,0,NEGATIVE_CANDIDATE,Intención probablemente incompatible con un curso presencial B2C pagado.,HECHO: término incluido como negativa candidata manual; no fue aplicado en Google Ads.,SUPUESTO: la intención puede ser incompatible; requiere validar consultas y concordancias.,RECOMENDACIÓN: revisar antes de negativizar; no aplicar automáticamente.,Lista manual para análisis; no aplicada a ninguna campaña.
carrera,carrera,negative_candidates,,manual_negative_candidate,2026-07-24,No aplica; no consultado,,Español,No aplica; no consultado,,,,,,,null,NEGATIVE_CANDIDATE,LOW,NOT_EXPLICIT,NOT_EXPLICIT,NOT_EXPLICIT,NO,NO,LOW,LOW,0,NEGATIVE_CANDIDATE,Intención probablemente incompatible con un curso presencial B2C pagado.,HECHO: término incluido como negativa candidata manual; no fue aplicado en Google Ads.,SUPUESTO: la intención puede ser incompatible; requiere validar consultas y concordancias.,RECOMENDACIÓN: revisar antes de negativizar; no aplicar automáticamente.,Lista manual para análisis; no aplicada a ninguna campaña.
empleo,empleo,negative_candidates,,manual_negative_candidate,2026-07-24,No aplica; no consultado,,Español,No aplica; no consultado,,,,,,,null,NEGATIVE_CANDIDATE,LOW,NOT_EXPLICIT,NOT_EXPLICIT,NOT_EXPLICIT,NO,EXPLICIT,LOW,LOW,0,NEGATIVE_CANDIDATE,Contexto laboral ambiguo; analizar concordancia antes de excluir.,HECHO: término incluido como negativa candidata manual; no fue aplicado en Google Ads.,SUPUESTO: la intención puede ser incompatible; requiere validar consultas y concordancias.,RECOMENDACIÓN: revisar antes de negativizar; no aplicar automáticamente.,Lista manual para análisis; no aplicada a ninguna campaña.
trabajo remoto,trabajo remoto,negative_candidates,,manual_negative_candidate,2026-07-24,No aplica; no consultado,,Español,No aplica; no consultado,,,,,,,null,NEGATIVE_CANDIDATE,LOW,NOT_EXPLICIT,NOT_EXPLICIT,NOT_EXPLICIT,NO,EXPLICIT,LOW,LOW,0,NEGATIVE_CANDIDATE,Contexto laboral ambiguo; analizar concordancia antes de excluir.,HECHO: término incluido como negativa candidata manual; no fue aplicado en Google Ads.,SUPUESTO: la intención puede ser incompatible; requiere validar consultas y concordancias.,RECOMENDACIÓN: revisar antes de negativizar; no aplicar automáticamente.,Lista manual para análisis; no aplicada a ninguna campaña.
manual,manual,negative_candidates,,manual_negative_candidate,2026-07-24,No aplica; no consultado,,Español,No aplica; no consultado,,,,,,,null,NEGATIVE_CANDIDATE,LOW,NOT_EXPLICIT,NOT_EXPLICIT,NOT_EXPLICIT,NO,NO,LOW,HIGH,0,NEGATIVE_CANDIDATE,Intención probablemente incompatible con un curso presencial B2C pagado.,HECHO: término incluido como negativa candidata manual; no fue aplicado en Google Ads.,SUPUESTO: la intención puede ser incompatible; requiere validar consultas y concordancias.,RECOMENDACIÓN: revisar antes de negativizar; no aplicar automáticamente.,Lista manual para análisis; no aplicada a ninguna campaña.
plantilla,plantilla,negative_candidates,,manual_negative_candidate,2026-07-24,No aplica; no consultado,,Español,No aplica; no consultado,,,,,,,null,NEGATIVE_CANDIDATE,LOW,NOT_EXPLICIT,NOT_EXPLICIT,NOT_EXPLICIT,NO,NO,LOW,HIGH,0,NEGATIVE_CANDIDATE,Intención probablemente incompatible con un curso presencial B2C pagado.,HECHO: término incluido como negativa candidata manual; no fue aplicado en Google Ads.,SUPUESTO: la intención puede ser incompatible; requiere validar consultas y concordancias.,RECOMENDACIÓN: revisar antes de negativizar; no aplicar automáticamente.,Lista manual para análisis; no aplicada a ninguna campaña.
ejercicios gratis,ejercicios gratis,negative_candidates,,manual_negative_candidate,2026-07-24,No aplica; no consultado,,Español,No aplica; no consultado,,,,,,,null,NEGATIVE_CANDIDATE,LOW,NOT_EXPLICIT,NOT_EXPLICIT,NOT_EXPLICIT,NO,NO,LOW,HIGH,0,NEGATIVE_CANDIDATE,Intención probablemente incompatible con un curso presencial B2C pagado.,HECHO: término incluido como negativa candidata manual; no fue aplicado en Google Ads.,SUPUESTO: la intención puede ser incompatible; requiere validar consultas y concordancias.,RECOMENDACIÓN: revisar antes de negativizar; no aplicar automáticamente.,Lista manual para análisis; no aplicada a ninguna campaña.
